CIS #,Profile,Recommendation,Status,Policy,Setting definition ID,Configured value,vs v4.0.0,Notes
1.3.1,Level 1,Ensure 'Configure local setting override for reporting to Microsoft MAPS' is set to 'Disabled' (Automated),In policy,Win - CDW Baseline - SC - CIS L1 - Defender Antivirus - D - ADMX Configuration - v1.0.0,device_vendor_msft_policy_config_admx_microsoftdefenderantivirus_spynet_localsettingoverridespynetreporting,Configure local setting override for reporting to Microsoft MAPS = Disabled,New,
1.3.2,Level 1,Ensure 'Configure the 'Block at First Sight' feature' is set to 'Enabled' (Automated),In policy,Win - CDW Baseline - SC - CIS L1 - Defender Antivirus - D - ADMX Configuration - v1.0.0,device_vendor_msft_policy_config_admx_microsoftdefenderantivirus_disableblockatfirstseen,Configure the 'Block at First Sight' feature = Enabled,New,
1.8.1,Level 1,Ensure 'Turn on process scanning whenever real-time protection is enabled' is set to 'Enabled' (Automated),In policy,Win - CDW Baseline - SC - CIS L1 - Defender Antivirus - D - ADMX Configuration - v1.0.0,device_vendor_msft_policy_config_admx_microsoftdefenderantivirus_realtimeprotection_disablescanonrealtimeenable,Turn on process scanning whenever real-time protection is enabled = Enabled,New,
1.10.1,Level 2,Ensure 'Configure Watson events' is set to 'Disabled' (Automated),In policy,Win - CDW Baseline - SC - CIS L2 - Defender Antivirus - D - ADMX Configuration - v1.0.0,device_vendor_msft_policy_config_admx_microsoftdefenderantivirus_reporting_disablegenericreports,Configure Watson events = Disabled,New,
1.14,Level 1,Ensure 'Turn off routine remediation' is set to 'Disabled' (Automated),In policy,Win - CDW Baseline - SC - CIS L1 - Defender Antivirus - D - ADMX Configuration - v1.0.0,device_vendor_msft_policy_config_admx_microsoftdefenderantivirus_disableroutinelytakingaction,Turn off routine remediation = Disabled,New,
2.1,Level 1,Ensure 'Allow Archive Scanning' is set to 'Allowed' (Automated),In policy,Win - CDW Baseline - ES - CIS L1 - Defender Antivirus - D - Antivirus Configuration - v1.0.0,device_vendor_msft_policy_config_defender_allowarchivescanning,Allow Archive Scanning = Allowed. Scans the archive files.,Changed,
2.2,Level 1,Ensure 'Allow Behavior Monitoring' is set to 'Allowed' (Automated),In policy,Win - CDW Baseline - ES - CIS L1 - Defender Antivirus - D - Antivirus Configuration - v1.0.0,device_vendor_msft_policy_config_defender_allowbehaviormonitoring,Allow Behavior Monitoring = Allowed. Turns on real-time behavior monitoring.,Changed,
2.3,Level 1,Ensure 'Allow Cloud Protection' is set to 'Allowed' (Automated),In policy,Win - CDW Baseline - ES - CIS L1 - Defender Antivirus - D - Antivirus Configuration - v1.0.0,device_vendor_msft_policy_config_defender_allowcloudprotection,Allow Cloud Protection = Allowed. Turns on Cloud Protection.,Changed,
2.4,Level 1,Ensure 'Allow Email Scanning' is set to 'Allowed' (Automated),In policy,Win - CDW Baseline - ES - CIS L1 - Defender Antivirus - D - Antivirus Configuration - v1.0.0,device_vendor_msft_policy_config_defender_allowemailscanning,Allow Email Scanning = Allowed. Turns on email scanning.,Changed,
2.5,Level 1,Ensure 'Allow Full Scan Removable Drive Scanning' is set to 'Allowed' (Automated),In policy,Win - CDW Baseline - ES - CIS L1 - Defender Antivirus - D - Antivirus Configuration - v1.0.0,device_vendor_msft_policy_config_defender_allowfullscanremovabledrivescanning,Allow Full Scan Removable Drive Scanning = Allowed. Scans removable drives.,Changed,
2.6,Level 1,Ensure 'Allow On Access Protection' is set to 'Allow' (Automated),In policy,Win - CDW Baseline - ES - CIS L1 - Defender Antivirus - D - Antivirus Configuration - v1.0.0,device_vendor_msft_policy_config_defender_allowonaccessprotection,Allow On Access Protection = Allowed.,New,
2.7,Level 1,Ensure 'Allow Realtime Monitoring' is set to 'Allowed' (Automated),In policy,Win - CDW Baseline - ES - CIS L1 - Defender Antivirus - D - Antivirus Configuration - v1.0.0,device_vendor_msft_policy_config_defender_allowrealtimemonitoring,Allow Realtime Monitoring = Allowed. Turns on and runs the real-time monitoring service.,Changed,
2.8,Level 1,Ensure 'Allow scanning of all downloaded files and attachments' is set to 'Allowed' (Automated),In policy,Win - CDW Baseline - ES - CIS L1 - Defender Antivirus - D - Antivirus Configuration - v1.0.0,device_vendor_msft_policy_config_defender_allowioavprotection,Allow scanning of all downloaded files and attachments = Allowed.,Changed,
2.9,Level 1,Ensure 'Allow Script Scanning' is set to 'Allowed' (Automated),In policy,Win - CDW Baseline - ES - CIS L1 - Defender Antivirus - D - Antivirus Configuration - v1.0.0,device_vendor_msft_policy_config_defender_allowscriptscanning,Allow Script Scanning = Allowed.,Changed,
2.10,Level 1,Ensure 'ASR: Block abuse of exploited vulnerable signed drivers' is set to 'Block' (Automated),In policy,Win - CDW Baseline - ES - CIS L1 - Attack Surface Reduction - D - ASR Rules - v1.0.0,device_vendor_msft_policy_config_defender_attacksurfacereductionrules_blockabuseofexploitedvulnerablesigneddrivers,Block abuse of exploited vulnerable signed drivers (Device) = Block,Unchanged,
2.11,Level 1,Ensure 'ASR: Block Adobe Reader from creating child processes' is set to 'Block' (Automated),In policy,Win - CDW Baseline - ES - CIS L1 - Attack Surface Reduction - D - ASR Rules - v1.0.0,device_vendor_msft_policy_config_defender_attacksurfacereductionrules_blockadobereaderfromcreatingchildprocesses,Block Adobe Reader from creating child processes = Block,Unchanged,
2.12,Level 1,Ensure 'ASR: Block all Office applications from creating child processes' is set to 'Audit' or higher (Automated),In policy,Win - CDW Baseline - ES - CIS L1 - Attack Surface Reduction - D - ASR Rules - v1.0.0,device_vendor_msft_policy_config_defender_attacksurfacereductionrules_blockallofficeapplicationsfromcreatingchildprocesses,Block all Office applications from creating child processes = Block,Unchanged,v4 value retained: Block (CIS accepts Audit or Block)
2.13,Level 1,Ensure 'ASR: Block credential stealing from the Windows local security authority subsystem' is set to 'Block' (Automated),In policy,Win - CDW Baseline - ES - CIS L1 - Attack Surface Reduction - D - ASR Rules - v1.0.0,device_vendor_msft_policy_config_defender_attacksurfacereductionrules_blockcredentialstealingfromwindowslocalsecurityauthoritysubsystem,Block credential stealing from the Windows local security authority subsystem = Block,Unchanged,
2.14,Level 1,Ensure 'ASR: Block executable content from email client and webmail' is set to 'Block' (Automated),In policy,Win - CDW Baseline - ES - CIS L1 - Attack Surface Reduction - D - ASR Rules - v1.0.0,device_vendor_msft_policy_config_defender_attacksurfacereductionrules_blockexecutablecontentfromemailclientandwebmail,Block executable content from email client and webmail = Block,Unchanged,
2.15,Level 1,"Ensure 'ASR: Block executable files from running unless they meet a prevalence, age, or trusted list criterion' is set to 'Audit' or higher (Automated)",In policy,Win - CDW Baseline - ES - CIS L1 - Attack Surface Reduction - D - ASR Rules - v1.0.0,device_vendor_msft_policy_config_defender_attacksurfacereductionrules_blockexecutablefilesrunningunlesstheymeetprevalenceagetrustedlistcriterion,"Block executable files from running unless they meet a prevalence, age, or trusted list criterion = Block",Unchanged,v4 value retained: Block (CIS accepts Audit or Block)
2.16,Level 1,Ensure 'ASR: Block execution of potentially obfuscated scripts' is set to 'Audit' or higher (Automated),In policy,Win - CDW Baseline - ES - CIS L1 - Attack Surface Reduction - D - ASR Rules - v1.0.0,device_vendor_msft_policy_config_defender_attacksurfacereductionrules_blockexecutionofpotentiallyobfuscatedscripts,Block execution of potentially obfuscated scripts = Audit,Unchanged,
2.17,Level 1,Ensure 'ASR: Block JavaScript or VBScript from launching downloaded executable content' is set to 'Block' (Automated),In policy,Win - CDW Baseline - ES - CIS L1 - Attack Surface Reduction - D - ASR Rules - v1.0.0,device_vendor_msft_policy_config_defender_attacksurfacereductionrules_blockjavascriptorvbscriptfromlaunchingdownloadedexecutablecontent,Block JavaScript or VBScript from launching downloaded executable content = Block,Unchanged,
2.18,Level 1,Ensure 'ASR: Block Office applications from creating executable content' is set to 'Block' (Automated),In policy,Win - CDW Baseline - ES - CIS L1 - Attack Surface Reduction - D - ASR Rules - v1.0.0,device_vendor_msft_policy_config_defender_attacksurfacereductionrules_blockofficeapplicationsfromcreatingexecutablecontent,Block Office applications from creating executable content = Block,Unchanged,
2.19,Level 1,Ensure 'ASR: Block Office applications from injecting code into other processes' is set to 'Block' (Automated),In policy,Win - CDW Baseline - ES - CIS L1 - Attack Surface Reduction - D - ASR Rules - v1.0.0,device_vendor_msft_policy_config_defender_attacksurfacereductionrules_blockofficeapplicationsfrominjectingcodeintootherprocesses,Block Office applications from injecting code into other processes = Block,Unchanged,
2.20,Level 1,Ensure 'ASR: Block Office communication application from creating child processes' is set to 'Audit' or higher (Automated),In policy,Win - CDW Baseline - ES - CIS L1 - Attack Surface Reduction - D - ASR Rules - v1.0.0,device_vendor_msft_policy_config_defender_attacksurfacereductionrules_blockofficecommunicationappfromcreatingchildprocesses,Block Office communication application from creating child processes = Block,Unchanged,v4 value retained: Block (CIS accepts Audit or Block)
2.21,Level 1,Ensure 'ASR: Block persistence through WMI event subscription' is set to 'Block' (Automated),In policy,Win - CDW Baseline - ES - CIS L1 - Attack Surface Reduction - D - ASR Rules - v1.0.0,device_vendor_msft_policy_config_defender_attacksurfacereductionrules_blockpersistencethroughwmieventsubscription,Block persistence through WMI event subscription = Block,Unchanged,
2.22,Level 1,Ensure 'ASR: Block process creations originating from PSExec and WMI commands' is set to 'Audit' or higher (Automated),In policy,Win - CDW Baseline - ES - CIS L1 - Attack Surface Reduction - D - ASR Rules - v1.0.0,device_vendor_msft_policy_config_defender_attacksurfacereductionrules_blockprocesscreationsfrompsexecandwmicommands,Block process creations originating from PSExec and WMI commands = Block,Unchanged,v4 value retained: Block (CIS accepts Audit or Block)
2.23,Level 1,Ensure 'ASR: Block rebooting machine in Safe Mode' is set to 'Block' (Automated),In policy,Win - CDW Baseline - ES - CIS L1 - Attack Surface Reduction - D - ASR Rules - v1.0.0,device_vendor_msft_policy_config_defender_attacksurfacereductionrules_blockrebootingmachineinsafemode,Block rebooting machine in Safe Mode = Block,Unchanged,
2.24,Level 1,Ensure 'ASR: Block untrusted and unsigned processes that run from USB' is set to 'Block' (Automated),In policy,Win - CDW Baseline - ES - CIS L1 - Attack Surface Reduction - D - ASR Rules - v1.0.0,device_vendor_msft_policy_config_defender_attacksurfacereductionrules_blockuntrustedunsignedprocessesthatrunfromusb,Block untrusted and unsigned processes that run from USB = Block,Unchanged,
2.25,Level 1,Ensure 'ASR: Block Win32 API calls from Office macros' is set to 'Block' (Automated),In policy,Win - CDW Baseline - ES - CIS L1 - Attack Surface Reduction - D - ASR Rules - v1.0.0,device_vendor_msft_policy_config_defender_attacksurfacereductionrules_blockwin32apicallsfromofficemacros,Block Win32 API calls from Office macros = Block,Unchanged,
2.26,Level 1,Ensure 'ASR: Use advanced protection against ransomware' is set to 'Audit' or higher (Automated),In policy,Win - CDW Baseline - ES - CIS L1 - Attack Surface Reduction - D - ASR Rules - v1.0.0,device_vendor_msft_policy_config_defender_attacksurfacereductionrules_useadvancedprotectionagainstransomware,Use advanced protection against ransomware = Audit,Unchanged,
2.27,Level 1,Ensure 'Check For Signatures Before Running Scan' is set to 'Enabled' (Automated),In policy,Win - CDW Baseline - ES - CIS L1 - Defender Antivirus - D - Antivirus Configuration - v1.0.0,device_vendor_msft_policy_config_defender_checkforsignaturesbeforerunningscan,Check For Signatures Before Running Scan = Enabled,New,
2.28,Level 1,Ensure 'Cloud Block Level' is set to Enabled: High blocking level' or higher (Automated),In policy,Win - CDW Baseline - ES - CIS L1 - Defender Antivirus - D - Antivirus Configuration - v1.0.0,device_vendor_msft_policy_config_defender_cloudblocklevel,Cloud Block Level = High,New,"CIS: High, High Plus or Zero Tolerance — High chosen (lowest compliant, fewest false positives)"
2.29,Level 1,"Ensure ‘Cloud Extended Timeout’ is set to '1 or higher, but not 0' (Automated)",In policy,Win - CDW Baseline - ES - CIS L1 - Defender Antivirus - D - Antivirus Configuration - v1.0.0,device_vendor_msft_policy_config_defender_cloudextendedtimeout,Cloud Extended Timeout = 50,Changed,CIS: 1 or higher (max 50) — v3 value retained
2.30,Level 1,Ensure 'Days Until Aggressive Catchup Quick Scan' is set to '7' days (Automated),In policy,Win - CDW Baseline - SC - CIS L1 - Defender Antivirus - D - Additional Configuration - v1.0.0,device_vendor_msft_defender_configuration_daysuntilaggressivecatchupquickscan,Days Until Aggressive Catchup Quick Scan = 7,New,
2.31,Level 2,Ensure 'Enable Convert Warn To Block' is set to 'Warn verdicts are converted to block' (Automated),In policy,Win - CDW Baseline - SC - CIS L2 - Defender Antivirus - D - Additional Configuration - v1.0.0,device_vendor_msft_defender_configuration_enableconvertwarntoblock,Enable Convert Warn To Block = Warn verdicts are converted to block,New,
2.32,Level 1,Ensure 'Enable Dynamic Signature Dropped Event Reporting' is set to 'Dynamic Security intelligence update events will be reported.' (Automated),In policy,Win - CDW Baseline - SC - CIS L1 - Defender Antivirus - D - Additional Configuration - v1.0.0,device_vendor_msft_defender_configuration_reporting_enabledynamicsignaturedroppedeventreporting,Enable Dynamic Signature Dropped Event Reporting = Dynamic Security intelligence update events will be reported.,New,
2.33,Level 1,Ensure 'Enable File Hash Computation' is set to 'Enable' (Automated),In policy,Win - CDW Baseline - SC - CIS L1 - Defender Antivirus - D - Additional Configuration - v1.0.0,device_vendor_msft_defender_configuration_enablefilehashcomputation,Enable File Hash Computation = Enable,New,
2.34,Level 1,Ensure 'Enable Network Protection' is set to 'Enabled (block mode)' (Automated),In policy,Win - CDW Baseline - ES - CIS L1 - Defender Antivirus - D - Antivirus Configuration - v1.0.0,device_vendor_msft_policy_config_defender_enablenetworkprotection,Enable Network Protection = Enabled (block mode),Changed,
2.35,Level 1,Ensure 'Hide Exclusions From Local Users' is set to 'Enabled' (Automated),In policy,Win - CDW Baseline - SC - CIS L1 - Defender Antivirus - D - Additional Configuration - v1.0.0,device_vendor_msft_defender_configuration_hideexclusionsfromlocalusers,"Hide Exclusions From Local Users = If you enable this setting, local users will no longer be able to see the exclusion list in Windows Security App or via PowerShell.",New,
2.36,Level 1,Ensure 'Oobe Enable Rtp And Sig Update' is set to 'Enabled' (Automated),In policy,Win - CDW Baseline - SC - CIS L1 - Defender Antivirus - D - Additional Configuration - v1.0.0,device_vendor_msft_defender_configuration_oobeenablertpandsigupdate,"Oobe Enable Rtp And Sig Update = If you enable this setting, real-time protection and Security Intelligence Updates are enabled during OOBE.",New,
2.37,Level 1,Ensure 'PUA Protection' is set to 'PUA Protection on' (Automated),In policy,Win - CDW Baseline - ES - CIS L1 - Defender Antivirus - D - Antivirus Configuration - v1.0.0,device_vendor_msft_policy_config_defender_puaprotection,PUA Protection = PUA Protection on. Detected items are blocked. They will show in history along with other threats.,Changed,Moved out of the ES Security Experience policy: PUA Protection is not part of the Windows Security Experience template
2.38,Level 1,Ensure 'Quick Scan Include Exclusions' is set to '1' (Automated),In policy,Win - CDW Baseline - SC - CIS L1 - Defender Antivirus - D - Additional Configuration - v1.0.0,device_vendor_msft_defender_configuration_quickscanincludeexclusions,"Quick Scan Include Exclusions = If you set this setting to 1, all files and directories that are excluded from real-time protection using contextual exclusions are scanned during a quick scan.",New,
2.39,Level 1,Ensure 'Real Time Scan Direction' is set to 'Monitor all files bi-directional' (Automated),In policy,Win - CDW Baseline - ES - CIS L1 - Defender Antivirus - D - Antivirus Configuration - v1.0.0,device_vendor_msft_policy_config_defender_realtimescandirection,Real Time Scan Direction = Monitor all files (bi-directional).,Changed,
2.40,Level 2,Ensure 'Remote Encryption Protection Aggressiveness' is set to 'Medium' or higher (Automated),In policy,Win - CDW Baseline - SC - CIS L2 - Defender Antivirus - D - Additional Configuration - v1.0.0,device_vendor_msft_defender_configuration_behavioralnetworkblocks_remoteencryptionprotection_remoteencryptionprotectionaggressiveness,Remote Encryption Protection Aggressiveness = Medium: Use cloud aggregation and block when confidence level is above 99%,New,
2.41,Level 1,Ensure 'Remote Encryption Protection Configured State' is set to 'Audit: Generate EDR detections without blocking' or higher (Automated),In policy,Win - CDW Baseline - SC - CIS L1 - Defender Antivirus - D - Additional Configuration - v1.0.0,device_vendor_msft_defender_configuration_behavioralnetworkblocks_remoteencryptionprotection_remoteencryptionprotectionconfiguredstate,Remote Encryption Protection Configured State = Audit: Generate EDR detections without blocking,New,CIS: Audit or Block — Audit chosen; review for Block after UAT
2.42,Level 1,Ensure 'Scan Parameter' is set to 'Quick Scan' or higher (Automated),In policy,Win - CDW Baseline - ES - CIS L1 - Defender Antivirus - D - Antivirus Configuration - v1.0.0,device_vendor_msft_policy_config_defender_scanparameter,Scan Parameter = Quick scan,New,"CIS: Quick Scan or Full Scan — Quick chosen (v3 behaviour, lower user impact)"
2.43,Level 1,Ensure 'Schedule Quick Scan Time' is set to '1' or higher (Automated),In policy,Win - CDW Baseline - ES - CIS L1 - Defender Antivirus - D - Antivirus Configuration - v1.0.0,device_vendor_msft_policy_config_defender_schedulequickscantime,Schedule Quick Scan Time = 660,Changed,CIS: 1 or higher — v3 value retained (11:00)
2.44,Level 1,Ensure 'Schedule Scan Time' is set to '1' or higher (Automated),In policy,Win - CDW Baseline - ES - CIS L1 - Defender Antivirus - D - Antivirus Configuration - v1.0.0,device_vendor_msft_policy_config_defender_schedulescantime,Schedule Scan Time = 120,New,CIS: 1 or higher — 02:00 chosen
2.45,Level 1,"Ensure 'Schedule Scan Day' is set to 'Enabled: 0' or higher, but not '8' (Automated)",In policy,Win - CDW Baseline - ES - CIS L1 - Defender Antivirus - D - Antivirus Configuration - v1.0.0,device_vendor_msft_policy_config_defender_schedulescanday,Schedule Scan Day = Every day,New,CIS: 0 or higher but not 8 (8 = no scheduled scan)
2.46,Level 1,"Ensure 'Signature Update Interval' is set to '4' or fewer, but not '0' (Automated)",In policy,Win - CDW Baseline - ES - CIS L1 - Defender Antivirus - D - Antivirus Configuration - v1.0.0,device_vendor_msft_policy_config_defender_signatureupdateinterval,Signature Update Interval = 1,Changed,CIS: 4 or fewer but not 0 — v3 value retained (hourly)
2.47,Level 1,Ensure 'Submit Samples Consent' is set to 'Enabled: Send safe samples automatically' or higher (Automated),In policy,Win - CDW Baseline - ES - CIS L1 - Defender Antivirus - D - Antivirus Configuration - v1.0.0,device_vendor_msft_policy_config_defender_submitsamplesconsent,Submit Samples Consent = Send safe samples automatically.,Changed,
2.48,Level 1,Ensure 'Remediation action for Moderate severity threats' is set to 'Quarantine or Remove' (Automated),In policy,Win - CDW Baseline - ES - CIS L1 - Defender Antivirus - D - Antivirus Configuration - v1.0.0,device_vendor_msft_policy_config_defender_threatseveritydefaultaction_moderateseveritythreats,Remediation action for Moderate severity threats = Quarantine. Moves files to quarantine.,New,CIS: Quarantine or Remove — Quarantine chosen (recoverable)
2.49,Level 1,Ensure 'Remediation action for High severity threats' is set to 'Quarantine or Remove' (Automated),In policy,Win - CDW Baseline - ES - CIS L1 - Defender Antivirus - D - Antivirus Configuration - v1.0.0,device_vendor_msft_policy_config_defender_threatseveritydefaultaction_highseveritythreats,Remediation action for High severity threats = Quarantine. Moves files to quarantine.,New,CIS: Quarantine or Remove — Quarantine chosen (recoverable)
2.50,Level 1,Ensure 'Remediation action for Severe threats' is set to 'Quarantine or Remove' (Automated),In policy,Win - CDW Baseline - ES - CIS L1 - Defender Antivirus - D - Antivirus Configuration - v1.0.0,device_vendor_msft_policy_config_defender_threatseveritydefaultaction_severethreats,Remediation action for Severe threats = Quarantine. Moves files to quarantine.,New,CIS: Quarantine or Remove — Quarantine chosen (recoverable)
