CIS #,Profile,Recommendation / Setting,Status,Policy,Setting definition ID,Configured value,vs v4.0.0,Notes
1.2.1,Level 1,(L1) Ensure 'Enable Google Cast' is set to 'Disabled' (Automated),In policy,Win - CDW Baseline - SC - CIS L1 - Microsoft Edge - D - Security - v1.0.0,device_vendor_msft_policy_config_microsoft_edge~policy~microsoft_edge~googlecast_enablemediarouter,Enable Google Cast = Disabled,Unchanged,
1.3.1,Level 1,(L1) Ensure 'Allow users to manage installed CA certificates' is set to 'Enabled: Disallow users from managing certificates' (Automated),In policy,Win - CDW Baseline - SC - CIS L1 - Microsoft Edge - D - Security - v1.0.0,device_vendor_msft_policy_config_microsoft_edgev133~policy~microsoft_edge~certificatemanagement_cacertificatemanagementallowed,Allow users to manage installed CA certificates. = Enabled [Allow users to manage installed CA certificates. (Device) = Disallow users from managing certificates],New,
1.4.1,Level 2,(L2) Ensure 'Allow read access via the File System API on these sites' is set to 'Disabled' (Automated),In policy,Win - CDW Baseline - SC - CIS L2 - Microsoft Edge - D - Security - v1.0.0,device_vendor_msft_policy_config_microsoft_edgev86~policy~microsoft_edge~contentsettings_filesystemreadaskforurls,Allow read access via the File System API on these sites = Disabled,New,
1.4.2,Level 2,"(L2) Ensure 'Choose whether users can receive customized background images and text, suggestions, notifications, and tips for Microsoft services' is set to 'Disabled' (Automated)",In policy,Win - CDW Baseline - SC - CIS L2 - Microsoft Edge - D - Security - v1.0.0,device_vendor_msft_policy_config_microsoft_edgev86~policy~microsoft_edge~contentsettings_spotlightexperiencesandrecommendationsenabled,"Choose whether users can receive customized background images and text, suggestions, notifications, and tips for Microsoft services = Disabled",New,
1.4.3,Level 1,(L1) Ensure 'Control use of insecure content exceptions' is set to 'Enabled: Do not allow any site to load blockable mixed content' (Automated),In policy,Win - CDW Baseline - SC - CIS L1 - Microsoft Edge - D - Security - v1.0.0,device_vendor_msft_policy_config_microsoft_edgev80diff~policy~microsoft_edge~contentsettings_defaultinsecurecontentsetting,Control use of insecure content exceptions = Enabled [Control use of insecure content exceptions (Device) = Do not allow any site to load blockable mixed content],New,
1.4.4,Level 2,(L2) Ensure 'Control use of JavaScript JIT' is set to 'Enabled: Do not allow any site to run JavaScript JIT' (Automated),In policy,Win - CDW Baseline - SC - CIS L2 - Microsoft Edge - D - Security - v1.0.0,device_vendor_msft_policy_config_microsoft_edgev93~policy~microsoft_edge~contentsettings_defaultjavascriptjitsetting,Control use of JavaScript JIT = Enabled [Control use of JavaScript JIT (Device) = Do not allow any site to run JavaScript JIT],New,
1.4.5,Level 2,(L2) Ensure 'Control use of the File System API for reading' is set to 'Enabled: Don't allow any site to request read access to files and directories via the File System API' (Automated),In policy,Win - CDW Baseline - SC - CIS L2 - Microsoft Edge - D - Security - v1.0.0,device_vendor_msft_policy_config_microsoft_edgev86~policy~microsoft_edge~contentsettings_defaultfilesystemreadguardsetting,Control use of the File System API for reading = Enabled [Control use of the File System API for reading (Device) = Don't allow any site to request read access to files and directories via the File System API],New,
1.4.6,Level 1,(L1) Ensure 'Control use of the File System API for writing' is set to 'Enabled: Don't allow any site to request write access to files and directories' (Automated),In policy,Win - CDW Baseline - SC - CIS L1 - Microsoft Edge - D - Security - v1.0.0,device_vendor_msft_policy_config_microsoft_edgev86~policy~microsoft_edge~contentsettings_defaultfilesystemwriteguardsetting,Control use of the File System API for writing = Enabled [Control use of the File System API for writing (Device) = Don't allow any site to request write access to files and directories],New,
1.4.7,Level 2,(L2) Ensure 'Control use of the Web Bluetooth API' is set to 'Enabled: Do not allow any site to request access to Bluetooth devices via the Web Bluetooth API' (Automated),In policy,Win - CDW Baseline - SC - CIS L2 - Microsoft Edge - D - Security - v1.0.0,device_vendor_msft_policy_config_microsoft_edge~policy~microsoft_edge~contentsettings_defaultwebbluetoothguardsetting,Control use of the Web Bluetooth API = Enabled [Control use of the Web Bluetooth API (Device) = Do not allow any site to request access to Bluetooth devices via the Web Bluetooth API],New,
1.4.8,Level 2,(L2) Ensure 'Control use of the WebHID API' is set to 'Enabled: Do not allow any site to request access to HID devices via the WebHID API' (Automated),In policy,Win - CDW Baseline - SC - CIS L2 - Microsoft Edge - D - Security - v1.0.0,device_vendor_msft_policy_config_microsoft_edgev100~policy~microsoft_edge~contentsettings_defaultwebhidguardsetting,Control use of the WebHID API = Enabled [Control use of the WebHID API (Device) = Do not allow any site to request access to HID devices via the WebHID API],New,
1.4.9,Level 1,(L1) Ensure 'Default automatic downloads setting' is set to 'Enabled: Don´t allow any website to perform automatic downloads' (Automated),In policy,Win - CDW Baseline - SC - CIS L1 - Microsoft Edge - D - Security - v1.0.0,device_vendor_msft_policy_config_microsoft_edgev110~policy~microsoft_edge~contentsettings_defaultautomaticdownloadssetting,Default automatic downloads setting = Enabled [Default automatic downloads setting (Device) = Don't allow any website to perform automatic downloads],New,
1.4.10,Level 1,(L1) Ensure 'Default geolocation setting' is set to 'Enabled: Don't allow any site to track users' physical location' (Automated),In policy,Win - CDW Baseline - SC - CIS L1 - Microsoft Edge - D - Security - v1.0.0,device_vendor_msft_policy_config_microsoft_edge~policy~microsoft_edge~contentsettings_defaultgeolocationsetting,Default geolocation setting = Enabled [Default geolocation setting (Device) = Don't allow any site to track users' physical location],New,
1.4.11,Level 2,(L2) Ensure 'Default setting for third-party storage partitioning' is set to 'Enabled: Block third-party storage partitioning from being enabled.' (Automated),In policy,Win - CDW Baseline - SC - CIS L2 - Microsoft Edge - D - Security - v1.0.0,device_vendor_msft_policy_config_microsoft_edgev116~policy~microsoft_edge~contentsettings_defaultthirdpartystoragepartitioningsetting,Default setting for third-party storage partitioning = Enabled [Default setting for third-party storage partitioning (Device) = Block third-party storage partitioning from being enabled.],New,
1.6.1,Level 1,(L1) Ensure 'Enable insecure download warnings' is set to 'Enabled' (Automated),In policy,Win - CDW Baseline - SC - CIS L1 - Microsoft Edge - D - Security - v1.0.0,device_vendor_msft_policy_config_microsoft_edgev128~policy~microsoft_edge~downloads_showdownloadsinsecurewarningsenabled,Enable insecure download warnings = Enabled,New,
1.7.1,Level 1,(L1) Ensure 'Configure Edge Website Typo Protection' is set to 'Enabled' (Automated),In policy,Win - CDW Baseline - SC - CIS L1 - Microsoft Edge - D - Security - v1.0.0,device_vendor_msft_policy_config_microsoft_edgev96~policy~microsoft_edge~typosquattingchecker_typosquattingcheckerenabled,Configure Edge Website Typo Protection = Enabled,Unchanged,
1.9.1,Level 1,(L1) Ensure 'Configure users ability to override feature flags' is set to 'Enabled: Prevent users from overriding feature flags' (Automated),In policy,Win - CDW Baseline - SC - CIS L1 - Microsoft Edge - D - Security - v1.0.0,device_vendor_msft_policy_config_microsoft_edgev93~policy~microsoft_edge~experimentation_featureflagoverridescontrol,Configure users ability to override feature flags = Enabled [Configure users ability to override feature flags (Device) = Prevent users from overriding feature flags],Changed,
1.10.1,Level 1,(L1) Ensure 'Blocks external extensions from being installed' is set to 'Enabled' (Automated),In policy,Win - CDW Baseline - SC - CIS L1 - Microsoft Edge - U - Extensions - v1.0.0,user_vendor_msft_policy_config_microsoft_edgev88~policy~microsoft_edge~extensions_blockexternalextensions,Blocks external extensions from being installed (User) = Enabled,Unchanged,Scope follows v4.0.0 (user)
1.10.2,Level 2,"(L2) Ensure 'Configure extension management settings' is set to 'Enabled: { ""*"": {""installation_mode"": ""blocked"" }}' (Automated)",In policy,Win - CDW Baseline - SC - CIS L2 - Microsoft Edge - D - Extensions - v1.0.0,device_vendor_msft_policy_config_microsoft_edge~policy~microsoft_edge~extensions_extensionsettings,"Configure extension management settings = Enabled [Configure extension management settings (Device) = { ""*"": {""installation_mode"": ""blocked"" }}]",New,
1.11.1,Level 1,(L1) Ensure 'Enable Gamer Mode' is set to 'Disabled' (Automated),In policy,Win - CDW Baseline - SC - CIS L1 - Microsoft Edge - U - User Experience - v1.0.0,user_vendor_msft_policy_config_microsoft_edgev117~policy~microsoft_edge~edgegames_gamermodeenabled,Enable Gamer Mode (User) = Disabled,Unchanged,Scope follows v4.0.0 (user)
1.13.1,Level 1,(L1) Ensure 'Allow Basic authentication for HTTP' is set to 'Disabled' (Automated),In policy,Win - CDW Baseline - SC - CIS L1 - Microsoft Edge - D - Security - v1.0.0,device_vendor_msft_policy_config_microsoft_edgev88.0.705.23~policy~microsoft_edge~httpauthentication_basicauthoverhttpenabled,Allow Basic authentication for HTTP = Disabled,New,
1.13.2,Level 1,(L1) Ensure 'Allow cross-origin HTTP Authentication prompts' is set to 'Disabled' (Automated),In policy,Win - CDW Baseline - SC - CIS L1 - Microsoft Edge - D - Security - v1.0.0,device_vendor_msft_policy_config_microsoft_edge~policy~microsoft_edge~httpauthentication_allowcrossoriginauthprompt,Allow cross-origin HTTP Basic Auth prompts = Disabled,New,
1.13.3,Level 2,"(L2) Ensure 'Supported authentication schemes' is set to 'Enabled: ntlm, negotiate' (Automated)",In policy,Win - CDW Baseline - SC - CIS L2 - Microsoft Edge - D - Security - v1.0.0,device_vendor_msft_policy_config_microsoft_edge~policy~microsoft_edge~httpauthentication_authschemes,"Supported authentication schemes = Enabled [Supported authentication schemes (Device) = ntlm, negotiate]",Changed,
1.14.1,Level 1,(L1) Ensure 'Guided Switch Enabled' is set to 'Disabled' (Automated),In policy,"Win - CDW Baseline - SC - CIS L1 - Microsoft Edge - D - Profiles, Sign-In and Sync - v1.0.0",device_vendor_msft_policy_config_microsoft_edgev103~policy~microsoft_edge~identity_guidedswitchenabled,Guided Switch Enabled = Disabled,New,
1.20.1,Level 1,(L1) Ensure 'Specifies whether to block requests from public websites to devices on a user's local network' is set to 'Enabled' (Automated),Not in Settings Catalog,,,,,Microsoft Edge\Network settings\block requests from public websites to local devices not in the Settings Catalog export — check in the tenant and add if present
1.21.1,Level 1,(L1) Ensure 'Enable saving passwords to the password manager' is set to 'Disabled' (Automated),In policy,Win - CDW Baseline - SC - CIS L1 - Microsoft Edge - U - Password Management - v1.0.0,user_vendor_msft_policy_config_microsoft_edge~policy~microsoft_edge~passwordmanager_passwordmanagerenabled,Enable saving passwords to the password manager (User) = Disabled,Changed,Scope follows v4.0.0 (user)
1.24.1,Level 1,(L1) Ensure 'Enable startup boost' is set to 'Disabled' (Automated),In policy,Win - CDW Baseline - SC - CIS L1 - Microsoft Edge - D - User Experience - v1.0.0,device_vendor_msft_policy_config_microsoft_edgev88~policy~microsoft_edge~performance_startupboostenabled,Enable startup boost = Disabled,New,
1.31.1,Level 1,(L1) Ensure 'Configure Microsoft Defender SmartScreen' is set to 'Enabled' (Automated),In policy,Win - CDW Baseline - SC - CIS L1 - Microsoft Edge - D - Security - v1.0.0,device_vendor_msft_policy_config_microsoft_edge~policy~microsoft_edge~smartscreen_smartscreenenabled,Configure Microsoft Defender SmartScreen = Enabled,Unchanged,
1.31.2,Level 1,(L1) Ensure 'Configure Microsoft Defender SmartScreen to block potentially unwanted apps' is set to 'Enabled' (Automated),In policy,Win - CDW Baseline - SC - CIS L1 - Microsoft Edge - D - Security - v1.0.0,device_vendor_msft_policy_config_microsoft_edgev80diff~policy~microsoft_edge~smartscreen_smartscreenpuaenabled,Configure Microsoft Defender SmartScreen to block potentially unwanted apps = Enabled,Unchanged,
1.31.3,Level 1,(L1) Ensure 'Enable Microsoft Defender SmartScreen DNS requests' is set to 'Enabled' (Automated),In policy,Win - CDW Baseline - SC - CIS L1 - Microsoft Edge - D - Security - v1.0.0,device_vendor_msft_policy_config_microsoft_edgev97~policy~microsoft_edge~smartscreen_smartscreendnsrequestsenabled,Enable Microsoft Defender SmartScreen DNS requests = Enabled,New,
1.31.4,Level 1,(L1) Ensure 'Force Microsoft Defender SmartScreen checks on downloads from trusted sources' is set to 'Enabled' (Automated),In policy,Win - CDW Baseline - SC - CIS L1 - Microsoft Edge - D - Security - v1.0.0,device_vendor_msft_policy_config_microsoft_edgev78diff~policy~microsoft_edge~smartscreen_smartscreenfortrusteddownloadsenabled,Force Microsoft Defender SmartScreen checks on downloads from trusted sources = Enabled,Unchanged,MDM variant (the catalog also exposes a MAM app-config setting of the same name)
1.31.5,Level 1,(L1) Ensure 'Prevent bypassing Microsoft Defender SmartScreen prompts for sites' is set to 'Enabled' (Automated),In policy,Win - CDW Baseline - SC - CIS L1 - Microsoft Edge - D - Security - v1.0.0,device_vendor_msft_policy_config_microsoft_edge~policy~microsoft_edge~smartscreen_preventsmartscreenpromptoverride,Prevent bypassing Microsoft Defender SmartScreen prompts for sites = Enabled,Unchanged,
1.31.6,Level 1,(L1) Ensure 'Prevent bypassing of Microsoft Defender SmartScreen warnings about downloads' is set to 'Enabled' (Automated),In policy,Win - CDW Baseline - SC - CIS L1 - Microsoft Edge - D - Security - v1.0.0,device_vendor_msft_policy_config_microsoft_edge~policy~microsoft_edge~smartscreen_preventsmartscreenpromptoverrideforfiles,Prevent bypassing of Microsoft Defender SmartScreen warnings about downloads = Enabled,Unchanged,
1.32.1,Level 1,(L1) Ensure 'Disable Bing chat entry-points on Microsoft Edge Enterprise new tab page' is set to 'Disabled' (Automated),In policy,Win - CDW Baseline - SC - CIS L1 - Microsoft Edge - D - User Experience - v1.0.0,device_vendor_msft_policy_config_microsoft_edgev118~policy~microsoft_edge~startup_newtabpagebingchatenabled,Disable Bing chat entry-points on Microsoft Edge Enterprise new tab page = Disabled,New,
1.33,Level 1,(L1) Ensure 'Ads setting for sites with intrusive ads' is set to 'Enabled: Block ads on sites with intrusive ads.' (Automated),In policy,Win - CDW Baseline - SC - CIS L1 - Microsoft Edge - D - Security - v1.0.0,device_vendor_msft_policy_config_microsoft_edgev78diff~policy~microsoft_edge_adssettingforintrusiveadssites,Ads setting for sites with intrusive ads = Enabled [Ads setting for sites with intrusive ads (Device) = Block ads on sites with intrusive ads. (Default value)],Changed,
1.34,Level 1,(L1) Ensure 'Allow download restrictions' is set to 'Enabled: Block malicious downloads' (Automated),In policy,Win - CDW Baseline - SC - CIS L1 - Microsoft Edge - D - Security - v1.0.0,device_vendor_msft_policy_config_microsoft_edgeupdates.2~policy~microsoft_edge_downloadrestrictions,Allow download restrictions = Enabled [Download restrictions (Device) = Block malicious downloads and dangerous file types],Changed,v4 variant and value retained (CIS: Block malicious downloads)
1.35,Level 2,(L2) Ensure 'Allow features to download assets from the Asset Delivery Service' is set to 'Disabled' (Automated),In policy,Win - CDW Baseline - SC - CIS L2 - Microsoft Edge - D - Security - v1.0.0,device_vendor_msft_policy_config_microsoft_edgev101~policy~microsoft_edge_edgeassetdeliveryserviceenabled,Allow features to download assets from the Asset Delivery Service = Disabled,New,
1.36,Level 2,(L2) Ensure 'Allow file selection dialogs' is set to 'Disabled' (Automated),In policy,Win - CDW Baseline - SC - CIS L2 - Microsoft Edge - D - Security - v1.0.0,device_vendor_msft_policy_config_microsoft_edge~policy~microsoft_edge_allowfileselectiondialogs,Allow file selection dialogs = Disabled,New,
1.37,Level 1,(L1) Ensure 'Allow Google Cast to connect to Cast devices on all IP addresses' is set to 'Disabled' (Automated),In policy,Win - CDW Baseline - SC - CIS L1 - Microsoft Edge - D - Security - v1.0.0,device_vendor_msft_policy_config_microsoft_edge~policy~microsoft_edge_mediaroutercastallowallips,Allow Google Cast to connect to Cast devices on all IP addresses = Disabled,New,
1.38,Level 1,(L1) Ensure 'Allow import of data from other browsers on each Microsoft Edge launch' is set to 'Disabled' (Automated),In policy,"Win - CDW Baseline - SC - CIS L1 - Microsoft Edge - D - Profiles, Sign-In and Sync - v1.0.0",device_vendor_msft_policy_config_microsoft_edgev104~policy~microsoft_edge_importoneachlaunch,Allow import of data from other browsers on each Microsoft Edge launch = Disabled,New,
1.39,Level 1,(L1) Ensure 'Allow importing of autofill form data' is set to 'Disabled' (Automated),In policy,"Win - CDW Baseline - SC - CIS L1 - Microsoft Edge - D - Profiles, Sign-In and Sync - v1.0.0",device_vendor_msft_policy_config_microsoft_edge~policy~microsoft_edge_importautofillformdata,Allow importing of autofill form data = Disabled,New,
1.40,Level 1,(L1) Ensure 'Allow importing of browser settings' is set to 'Disabled' (Automated),In policy,Win - CDW Baseline - SC - CIS L1 - Microsoft Edge - D - Security - v1.0.0,device_vendor_msft_policy_config_microsoft_edgev78diff~policy~microsoft_edge_importbrowsersettings,Allow importing of browser settings = Disabled,Unchanged,
1.41,Level 1,(L1) Ensure 'Allow importing of home page settings' is set to 'Disabled' (Automated),In policy,Win - CDW Baseline - SC - CIS L1 - Microsoft Edge - D - Security - v1.0.0,device_vendor_msft_policy_config_microsoft_edge~policy~microsoft_edge_importhomepage,Allow importing of home page settings = Disabled,Unchanged,
1.42,Level 1,(L1) Ensure 'Allow importing of payment info' is set to 'Disabled' (Automated),In policy,Win - CDW Baseline - SC - CIS L1 - Microsoft Edge - D - Security - v1.0.0,device_vendor_msft_policy_config_microsoft_edge~policy~microsoft_edge_importpaymentinfo,Allow importing of payment info = Disabled,Unchanged,
1.43,Level 1,(L1) Ensure 'Allow importing of saved passwords' is set to 'Disabled' (Automated),In policy,Win - CDW Baseline - SC - CIS L1 - Microsoft Edge - D - Security - v1.0.0,device_vendor_msft_policy_config_microsoft_edge~policy~microsoft_edge_importsavedpasswords,Allow importing of saved passwords = Disabled,Unchanged,
1.44,Level 1,(L1) Ensure 'Allow importing of search engine settings' is set to 'Disabled' (Automated),In policy,Win - CDW Baseline - SC - CIS L1 - Microsoft Edge - D - Security - v1.0.0,device_vendor_msft_policy_config_microsoft_edge~policy~microsoft_edge_importsearchengine,Allow importing of search engine settings = Disabled,Unchanged,
1.45,Level 1,(L1) Ensure 'Allow managed extensions to use the Enterprise Hardware Platform API' is set to 'Disabled' (Automated),In policy,Win - CDW Baseline - SC - CIS L1 - Microsoft Edge - D - Security - v1.0.0,device_vendor_msft_policy_config_microsoft_edgev78diff~policy~microsoft_edge_enterprisehardwareplatformapienabled,Allow managed extensions to use the Enterprise Hardware Platform API = Disabled,Unchanged,
1.46,Level 2,(L2) Ensure 'Allow or block audio capture' is set to 'Disabled' (Automated),In policy,Win - CDW Baseline - SC - CIS L2 - Microsoft Edge - D - Security - v1.0.0,device_vendor_msft_policy_config_microsoft_edge~policy~microsoft_edge_audiocaptureallowed,Allow or block audio capture = Disabled,New,
1.47,Level 2,(L2) Ensure 'Allow or block video capture' is set to 'Disabled' (Automated),In policy,Win - CDW Baseline - SC - CIS L2 - Microsoft Edge - D - Security - v1.0.0,device_vendor_msft_policy_config_microsoft_edge~policy~microsoft_edge_videocaptureallowed,Allow or block video capture = Disabled,New,
1.48,Level 2,(L2) Ensure 'Allow or deny screen capture' is set to 'Disabled' (Automated),In policy,Win - CDW Baseline - SC - CIS L2 - Microsoft Edge - D - Security - v1.0.0,device_vendor_msft_policy_config_microsoft_edgev83diff~policy~microsoft_edge_screencaptureallowed,Allow or deny screen capture = Disabled,New,
1.49,Level 1,"(L1) Ensure 'Allow personalization of ads, search and news by sending browsing history to Microsoft' is set to 'Disabled' (Automated)",In policy,Win - CDW Baseline - SC - CIS L1 - Microsoft Edge - D - Security - v1.0.0,device_vendor_msft_policy_config_microsoft_edgev80diff~policy~microsoft_edge_personalizationreportingenabled,"Allow personalization of ads, search and news by sending browsing history to Microsoft = Disabled",Unchanged,
1.50,Level 1,(L1) Ensure 'Allow queries to a Browser Network Time service' is set to 'Enabled' (Automated),In policy,Win - CDW Baseline - SC - CIS L1 - Microsoft Edge - D - Security - v1.0.0,device_vendor_msft_policy_config_microsoft_edge~policy~microsoft_edge_browsernetworktimequeriesenabled,Allow queries to a Browser Network Time service = Enabled,Unchanged,
1.51,Level 1,(L1) Ensure 'Allow remote debugging' is set to 'Disabled' (Automated),In policy,Win - CDW Baseline - SC - CIS L1 - Microsoft Edge - D - Security - v1.0.0,device_vendor_msft_policy_config_microsoft_edgev93~policy~microsoft_edge_remotedebuggingallowed,Allow remote debugging = Disabled,New,
1.52,Level 1,(L1) Ensure 'Allow the audio sandbox to run' is set to 'Enabled' (Automated),In policy,Win - CDW Baseline - SC - CIS L1 - Microsoft Edge - D - Security - v1.0.0,device_vendor_msft_policy_config_microsoft_edgev81diff~policy~microsoft_edge_audiosandboxenabled,Allow the audio sandbox to run = Enabled,New,
1.53,Level 2,(L2) Ensure 'Allow unconfigured sites to be reloaded in Internet Explorer mode' is set to 'Disabled' (Automated),In policy,Win - CDW Baseline - SC - CIS L2 - Microsoft Edge - D - Security - v1.0.0,device_vendor_msft_policy_config_microsoft_edgev92~policy~microsoft_edge_internetexplorerintegrationreloadiniemodeallowed,Allow unconfigured sites to be reloaded in Internet Explorer mode = Disabled,Unchanged,
1.54,Level 1,(L1) Ensure 'Allow user feedback' is set to 'Disabled' (Automated),In policy,Win - CDW Baseline - SC - CIS L1 - Microsoft Edge - D - User Experience - v1.0.0,device_vendor_msft_policy_config_microsoft_edge~policy~microsoft_edge_userfeedbackallowed,Allow user feedback = Disabled,New,
1.55,Level 2,(L2) Ensure 'Allow users to open files using the ClickOnce protocol' is set to 'Disabled' (Automated),In policy,Win - CDW Baseline - SC - CIS L2 - Microsoft Edge - D - Extensions - v1.0.0,device_vendor_msft_policy_config_microsoft_edgev78diff~policy~microsoft_edge_clickonceenabled,Allow users to open files using the ClickOnce protocol = Disabled,New,
1.56,Level 2,(L2) Ensure 'Allow users to open files using the DirectInvoke protocol' is set to 'Disabled' (Automated),In policy,Win - CDW Baseline - SC - CIS L2 - Microsoft Edge - D - Extensions - v1.0.0,device_vendor_msft_policy_config_microsoft_edgev78diff~policy~microsoft_edge_directinvokeenabled,Allow users to open files using the DirectInvoke protocol = Disabled,New,
1.57,Level 2,(L2) Ensure 'Allow users to proceed from the HTTPS warning page' is set to 'Disabled' (Automated),In policy,Win - CDW Baseline - SC - CIS L2 - Microsoft Edge - D - Security - v1.0.0,device_vendor_msft_policy_config_microsoft_edge~policy~microsoft_edge_sslerroroverrideallowed,Allow users to proceed from the HTTPS warning page = Disabled,Unchanged,
1.58,Level 1,(L1) Ensure 'Allow Web Authentication requests on sites with broken TLS certificates' is set to 'Disabled' (Automated),In policy,Win - CDW Baseline - SC - CIS L1 - Microsoft Edge - D - Security - v1.0.0,device_vendor_msft_policy_config_microsoft_edgev133~policy~microsoft_edge_allowwebauthnwithbrokentlscerts,Allow Web Authentication requests on sites with broken TLS certificates. = Disabled,New,
1.59,Level 1,(L1) Ensure 'Allow websites to query for available payment methods' is set to 'Disabled' (Automated),In policy,Win - CDW Baseline - SC - CIS L1 - Microsoft Edge - D - Security - v1.0.0,device_vendor_msft_policy_config_microsoft_edgev80diff~policy~microsoft_edge_paymentmethodqueryenabled,Allow websites to query for available payment methods = Disabled,Unchanged,
1.60,Level 2,(L2) Ensure 'AutoLaunch Protocols Component Enabled' is set to 'Disabled' (Automated),In policy,Win - CDW Baseline - SC - CIS L2 - Microsoft Edge - D - Security - v1.0.0,device_vendor_msft_policy_config_microsoft_edgev96~policy~microsoft_edge_autolaunchprotocolscomponentenabled,AutoLaunch Protocols Component Enabled = Disabled,New,
1.61,Level 1,"(L1) Ensure 'Automatically import another browser's data and settings at first run' is set to 'Enabled: Disables automatic import, and the import section of the first-run experience is skipped' (Automated)",In policy,"Win - CDW Baseline - SC - CIS L1 - Microsoft Edge - U - Profiles, Sign-In and Sync - v1.0.0",user_vendor_msft_policy_config_microsoft_edge~policy~microsoft_edge_autoimportatfirstrun,"Automatically import another browser's data and settings at first run (User) = Enabled [Automatically import another browser's data and settings at first run (User) = Disables automatic import, and the import section of the first-run experience is skipped]",Changed,Scope follows v4.0.0 (user)
1.62,Level 1,(L1) Ensure 'Automatically open downloaded MHT or MHTML files from the web in Internet Explorer mode' is set to 'Disabled' (Automated),In policy,Win - CDW Baseline - SC - CIS L1 - Microsoft Edge - D - Security - v1.0.0,device_vendor_msft_policy_config_microsoft_edgev117~policy~microsoft_edge_internetexplorerintegrationzoneidentifiermhtfileallowed,Automatically open downloaded MHT or MHTML files from the web in Internet Explorer mode = Disabled,Unchanged,
1.63,Level 2,(L2) Ensure 'Block third party cookies' is set to 'Enabled' (Automated),In policy,Win - CDW Baseline - SC - CIS L2 - Microsoft Edge - D - Security - v1.0.0,device_vendor_msft_policy_config_microsoft_edge~policy~microsoft_edge_blockthirdpartycookies,Block third party cookies = Enabled,New,
1.64,Level 1,(L1) Ensure 'Block tracking of users' web-browsing activity' is set to 'Enabled: Balanced (Blocks harmful trackers and trackers from sites user has not visited; content and ads will be less personalized)' or higher (Automated),In policy,Win - CDW Baseline - SC - CIS L1 - Microsoft Edge - D - Security - v1.0.0,device_vendor_msft_policy_config_microsoft_edgev78diff~policy~microsoft_edge_trackingprevention,Block tracking of users' web-browsing activity = Enabled [Block tracking of users' web-browsing activity (Device) = Balanced (blocks harmful trackers and trackers from sites user has not visited; content and ads will be less personalized)],Changed,
1.65,Level 2,(L2) Ensure 'Browser sign-in settings' is set to 'Enabled: Disable browser sign-in' (Automated),In policy,"Win - CDW Baseline - SC - CIS L2 - Microsoft Edge - U - Profiles, Sign-In and Sync - v1.0.0",user_vendor_msft_policy_config_microsoft_edge~policy~microsoft_edge_browsersignin,Browser sign-in settings (User) = Enabled [Browser sign-in settings (User) = Disable browser sign-in],Changed,Scope follows v4.0.0 (user)
1.66,Level 1,(L1) Ensure 'Clear browsing data when Microsoft Edge closes' is set to 'Disabled' (Automated),In policy,Win - CDW Baseline - SC - CIS L1 - Microsoft Edge - D - Security - v1.0.0,device_vendor_msft_policy_config_microsoft_edgev78diff~policy~microsoft_edge_clearbrowsingdataonexit,Clear browsing data when Microsoft Edge closes = Disabled,Unchanged,
1.67,Level 1,(L1) Ensure 'Clear cached images and files when Microsoft Edge closes' is set to 'Disabled' (Automated),In policy,Win - CDW Baseline - SC - CIS L1 - Microsoft Edge - D - Security - v1.0.0,device_vendor_msft_policy_config_microsoft_edgev83diff~policy~microsoft_edge_clearcachedimagesandfilesonexit,Clear cached images and files when Microsoft Edge closes = Disabled,Unchanged,
1.68,Level 1,(L1) Ensure 'Clear history for IE and IE mode every time you exit' is set to 'Disabled' (Automated),In policy,Win - CDW Baseline - SC - CIS L1 - Microsoft Edge - D - User Experience - v1.0.0,device_vendor_msft_policy_config_microsoft_edgev111~policy~microsoft_edge_internetexplorermodecleardataonexitenabled,Clear history for IE and IE mode every time you exit = Disabled,New,
1.69,Level 1,(L1) Ensure 'Configure browser process code integrity guard setting' is set to 'Enabled: Enable code integrity guard enforcement in the browser process.' (Automated),In policy,Win - CDW Baseline - SC - CIS L1 - Microsoft Edge - D - Security - v1.0.0,device_vendor_msft_policy_config_microsoft_edgev104~policy~microsoft_edge_browsercodeintegritysetting,Configure browser process code integrity guard setting = Enabled [Configure browser process code integrity guard setting (Device) = Enable code integrity guard enforcement in the browser process.],New,
1.70,Level 1,(L1) Ensure 'Configure InPrivate mode availability' is set to 'Enabled: InPrivate mode disabled' (Automated),In policy,Win - CDW Baseline - SC - CIS L1 - Microsoft Edge - D - Security - v1.0.0,device_vendor_msft_policy_config_microsoft_edge~policy~microsoft_edge_inprivatemodeavailability,Configure InPrivate mode availability = Enabled [Configure InPrivate mode availability (Device) = InPrivate mode disabled],New,
1.71,Level 2,(L2) Ensure 'Configure Online Text To Speech' is set to 'Disabled' (Automated),In policy,Win - CDW Baseline - SC - CIS L2 - Microsoft Edge - D - User Experience - v1.0.0,device_vendor_msft_policy_config_microsoft_edge~policy~microsoft_edge_configureonlinetexttospeech,Configure Online Text To Speech = Disabled,New,
1.72,Level 2,(L2) Ensure 'Configure Speech Recognition' is set to 'Disabled' (Automated),In policy,Win - CDW Baseline - SC - CIS L2 - Microsoft Edge - D - User Experience - v1.0.0,device_vendor_msft_policy_config_microsoft_edgev87~policy~microsoft_edge_speechrecognitionenabled,Configure Speech Recognition = Disabled,New,
1.73,Level 1,(L1) Ensure 'Configure the list of names that will bypass the HSTS policy check' is set to 'Disabled' (Automated),In policy,Win - CDW Baseline - SC - CIS L1 - Microsoft Edge - D - Security - v1.0.0,device_vendor_msft_policy_config_microsoft_edgev79diff~policy~microsoft_edge_hstspolicybypasslist,Configure the list of names that will bypass the HSTS policy check = Disabled,New,
1.74,Level 1,(L1) Ensure 'Configure the list of types that are excluded from synchronization' is set to 'Enabled' (Automated),In policy,"Win - CDW Baseline - SC - CIS L1 - Microsoft Edge - D - Profiles, Sign-In and Sync - v1.0.0",device_vendor_msft_policy_config_microsoft_edgev83diff~policy~microsoft_edge_synctypeslistdisabled,Configure the list of types that are excluded from synchronization = Enabled [Configure the list of types that are excluded from synchronization (Device) = passwords],New,CIS: add the word passwords in lower case (case sensitive)
1.75,Level 1,(L1) Ensure 'Configure the Share experience' is set to 'Enabled: Don't allow using the Share experience' (Automated),In policy,Win - CDW Baseline - SC - CIS L1 - Microsoft Edge - D - Security - v1.0.0,device_vendor_msft_policy_config_microsoft_edgev83diff~policy~microsoft_edge_configureshare,Configure the Share experience = Enabled [Configure the Share experience (Device) = Don't allow using the Share experience],Changed,
1.76,Level 1,(L1) Ensure 'Continue running background apps after Microsoft Edge closes' is set to 'Disabled' (Automated),In policy,Win - CDW Baseline - SC - CIS L1 - Microsoft Edge - D - User Experience - v1.0.0,device_vendor_msft_policy_config_microsoft_edge~policy~microsoft_edge_backgroundmodeenabled,Continue running background apps after Microsoft Edge closes = Disabled,New,
1.77,Level 1,(L1) Ensure 'Control communication with the Experimentation and Configuration Service' is set to 'Enabled: Disable communication with the Experimentation and Configuration Service' (Automated),In policy,Win - CDW Baseline - SC - CIS L1 - Microsoft Edge - D - Security - v1.0.0,device_vendor_msft_policy_config_microsoft_edge~policy~microsoft_edge_experimentationandconfigurationservicecontrol,Control communication with the Experimentation and Configuration Service = Enabled [Control communication with the Experimentation and Configuration Service (Device) = Disable communication with the Experimentation and Configuration Service],Changed,
1.78,Level 2,(L2) Ensure 'Control use of the Headless Mode' is set to 'Disabled' (Automated),In policy,Win - CDW Baseline - SC - CIS L2 - Microsoft Edge - D - Security - v1.0.0,device_vendor_msft_policy_config_microsoft_edgev92~policy~microsoft_edge_headlessmodeenabled,Control use of the Headless Mode = Disabled,New,
1.79,Level 2,(L2) Ensure 'Control use of the Serial API' is set to 'Enable: Do not allow any site to request access to serial ports via the Serial API' (Automated),In policy,Win - CDW Baseline - SC - CIS L2 - Microsoft Edge - D - Security - v1.0.0,device_vendor_msft_policy_config_microsoft_edgev86~policy~microsoft_edge_defaultserialguardsetting,Control use of the Serial API = Enabled [Control use of the Serial API (Device) = Do not allow any site to request access to serial ports via the Serial API],New,
1.80,Level 1,(L1) Ensure 'Control where security restrictions on insecure origins apply' is set to 'Disabled' (Automated),In policy,Win - CDW Baseline - SC - CIS L1 - Microsoft Edge - D - Security - v1.0.0,device_vendor_msft_policy_config_microsoft_edge~policy~microsoft_edge_overridesecurityrestrictionsoninsecureorigin,Control where security restrictions on insecure origins apply = Disabled,New,
1.81,Level 2,(L2) Ensure 'Default sensors setting' is set to 'Enabled: Do not allow any site to access sensors' (Automated),In policy,Win - CDW Baseline - SC - CIS L2 - Microsoft Edge - D - Security - v1.0.0,device_vendor_msft_policy_config_microsoft_edgev86~policy~microsoft_edge_defaultsensorssetting,Default sensors setting = Enabled [Default sensors setting (Device) = Do not allow any site to access sensors],New,
1.82,Level 1,(L1) Ensure 'Delete old browser data on migration' is set to 'Disabled' (Automated),In policy,Win - CDW Baseline - SC - CIS L1 - Microsoft Edge - D - User Experience - v1.0.0,device_vendor_msft_policy_config_microsoft_edgev83diff~policy~microsoft_edge_deletedataonmigration,Delete old browser data on migration = Disabled,New,
1.83,Level 1,(L1) Ensure 'Disable saving browser history' is set to 'Disabled' (Automated),In policy,Win - CDW Baseline - SC - CIS L1 - Microsoft Edge - D - User Experience - v1.0.0,device_vendor_msft_policy_config_microsoft_edge~policy~microsoft_edge_savingbrowserhistorydisabled,Disable saving browser history = Disabled,New,
1.84,Level 1,(L1) Ensure 'Disable synchronization of data using Microsoft sync services' is set to 'Enabled' (Automated),In policy,"Win - CDW Baseline - SC - CIS L1 - Microsoft Edge - D - Profiles, Sign-In and Sync - v1.0.0",device_vendor_msft_policy_config_microsoft_edge~policy~microsoft_edge_syncdisabled,Disable synchronization of data using Microsoft sync services = Enabled,New,
1.85,Level 1,(L1) Ensure 'DNS interception checks enabled' is set to 'Enabled' (Automated),In policy,Win - CDW Baseline - SC - CIS L1 - Microsoft Edge - D - Security - v1.0.0,device_vendor_msft_policy_config_microsoft_edgev80diff~policy~microsoft_edge_dnsinterceptionchecksenabled,DNS interception checks enabled = Enabled,Unchanged,
1.86,Level 1,(L1) Ensure 'Dynamic Code Settings' is set to 'Enabled: Prevent the browser process from creating dynamic code' (Automated),In policy,Win - CDW Baseline - SC - CIS L1 - Microsoft Edge - D - Security - v1.0.0,device_vendor_msft_policy_config_microsoft_edgev128~policy~microsoft_edge_dynamiccodesettings,Dynamic Code Settings = Enabled [Dynamic Code Settings (Device) = Prevent the browser process from creating dynamic code],Changed,
1.87,Level 1,(L1) Ensure 'Edge 3P SERP Telemetry Enabled' is set to 'Disabled' (Automated),In policy,Win - CDW Baseline - SC - CIS L1 - Microsoft Edge - D - User Experience - v1.0.0,device_vendor_msft_policy_config_microsoft_edgev120~policy~microsoft_edge_edge3pserptelemetryenabled,Edge 3P SERP Telemetry Enabled = Disabled,New,
1.88,Level 1,(L1) Ensure 'Edge Wallet E-Tree Enabled' is set to 'Disabled' (Automated),In policy,Win - CDW Baseline - SC - CIS L1 - Microsoft Edge - D - Password Management - v1.0.0,device_vendor_msft_policy_config_microsoft_edgev117~policy~microsoft_edge_edgewalletetreeenabled,Edge Wallet E-Tree Enabled = Disabled,New,
1.89,Level 1,(L1) Ensure 'Enable Application Bound Encryption' is set to 'Enabled' (Automated),In policy,Win - CDW Baseline - SC - CIS L1 - Microsoft Edge - D - Security - v1.0.0,device_vendor_msft_policy_config_microsoft_edgev128.1~policy~microsoft_edge_applicationboundencryptionenabled,Enable Application Bound Encryption = Enabled,Unchanged,
1.90,Level 1,(L1) Ensure 'Enable AutoFill for addresses' is set to 'Disabled' (Automated),In policy,Win - CDW Baseline - SC - CIS L1 - Microsoft Edge - D - Security - v1.0.0,device_vendor_msft_policy_config_microsoft_edge~policy~microsoft_edge_autofilladdressenabled,Enable AutoFill for addresses = Disabled,Unchanged,
1.91,Level 1,(L1) Ensure 'Enable AutoFill for payment instruments' is set to 'Disabled' (Automated),In policy,Win - CDW Baseline - SC - CIS L1 - Microsoft Edge - D - Security - v1.0.0,device_vendor_msft_policy_config_microsoft_edge~policy~microsoft_edge_autofillcreditcardenabled,Enable AutoFill for payment instruments = Disabled,Unchanged,
1.92,Level 1,(L1) Ensure 'Enable browser legacy extension point blocking' is set to 'Enabled' (Automated),In policy,Win - CDW Baseline - SC - CIS L1 - Microsoft Edge - D - Security - v1.0.0,device_vendor_msft_policy_config_microsoft_edgev95~policy~microsoft_edge_browserlegacyextensionpointsblockingenabled,Enable browser legacy extension point blocking = Enabled,Unchanged,
1.93,Level 1,(L1) Ensure 'Enable component updates in Microsoft Edge' is set to 'Enabled' (Automated),In policy,Win - CDW Baseline - SC - CIS L1 - Microsoft Edge - D - Updates - v1.0.0,device_vendor_msft_policy_config_microsoft_edge~policy~microsoft_edge_componentupdatesenabled,Enable component updates in Microsoft Edge = Enabled,Unchanged,
1.94,Level 1,(L1) Ensure 'Enable deleting browser and download history' is set to 'Disabled' (Automated),In policy,Win - CDW Baseline - SC - CIS L1 - Microsoft Edge - D - User Experience - v1.0.0,device_vendor_msft_policy_config_microsoft_edge~policy~microsoft_edge_allowdeletingbrowserhistory,Enable deleting browser and download history = Disabled,New,
1.95,Level 2,(L2) Ensure 'Enable Drop feature in Microsoft Edge' is set to 'Disabled' (Automated),In policy,Win - CDW Baseline - SC - CIS L2 - Microsoft Edge - D - User Experience - v1.0.0,device_vendor_msft_policy_config_microsoft_edgev104~policy~microsoft_edge_edgeedropenabled,Enable Drop feature in Microsoft Edge = Disabled,New,
1.96,Level 1,(L1) Ensure 'Enable globally scoped HTTP auth cache' is set to 'Disabled' (Automated),In policy,Win - CDW Baseline - SC - CIS L1 - Microsoft Edge - D - User Experience - v1.0.0,device_vendor_msft_policy_config_microsoft_edgev81diff~policy~microsoft_edge_globallyscopehttpauthcacheenabled,Enable globally scoped HTTP auth cache = Disabled,New,
1.97,Level 2,(L2) Ensure 'Enable guest mode' is set to 'Disabled' (Automated),In policy,"Win - CDW Baseline - SC - CIS L2 - Microsoft Edge - D - Profiles, Sign-In and Sync - v1.0.0",device_vendor_msft_policy_config_microsoft_edge~policy~microsoft_edge_browserguestmodeenabled,Enable guest mode = Disabled,New,
1.98,Level 1,(L1) Ensure 'Enable network prediction' is set to 'Enabled: Don't predict network actions on any network connection' (Automated),In policy,Win - CDW Baseline - SC - CIS L1 - Microsoft Edge - D - User Experience - v1.0.0,device_vendor_msft_policy_config_microsoft_edge~policy~microsoft_edge_networkpredictionoptions,Enable network prediction = Enabled [Enable network prediction (Device) = Don't predict network actions on any network connection],New,
1.99,Level 1,(L1) Ensure 'Enable profile creation from the Identity flyout menu or the Settings page' is set to 'Disabled' (Automated),In policy,"Win - CDW Baseline - SC - CIS L1 - Microsoft Edge - U - Profiles, Sign-In and Sync - v1.0.0",user_vendor_msft_policy_config_microsoft_edge~policy~microsoft_edge_browseraddprofileenabled,Enable profile creation from the Identity flyout menu or the Settings page (User) = Disabled,Unchanged,Scope follows v4.0.0 (user)
1.100,Level 1,(L1) Ensure 'Enable resolution of navigation errors using a web service' is set to 'Disabled' (Automated),In policy,Win - CDW Baseline - SC - CIS L1 - Microsoft Edge - D - User Experience - v1.0.0,device_vendor_msft_policy_config_microsoft_edge~policy~microsoft_edge_resolvenavigationerrorsusewebservice,Enable resolution of navigation errors using a web service = Disabled,New,
1.101,Level 2,(L2) Ensure 'Enable search suggestions' is set to 'Disabled' (Automated),In policy,Win - CDW Baseline - SC - CIS L2 - Microsoft Edge - D - User Experience - v1.0.0,device_vendor_msft_policy_config_microsoft_edge~policy~microsoft_edge_searchsuggestenabled,Enable search suggestions = Disabled,New,
1.102,Level 1,(L1) Ensure 'Enable security warnings for command-line flags' is set to 'Enabled' (Automated),In policy,Win - CDW Baseline - SC - CIS L1 - Microsoft Edge - D - Security - v1.0.0,device_vendor_msft_policy_config_microsoft_edgev78diff~policy~microsoft_edge_commandlineflagsecuritywarningsenabled,Enable security warnings for command-line flags = Enabled,New,
1.103,Level 1,(L1) Ensure 'Enable site isolation for every site' is set to 'Enabled' (Automated),In policy,Win - CDW Baseline - SC - CIS L1 - Microsoft Edge - D - Security - v1.0.0,device_vendor_msft_policy_config_microsoft_edge~policy~microsoft_edge_siteperprocess,Enable site isolation for every site = Enabled,Unchanged,
1.104,Level 1,(L1) Ensure 'Enable the Search bar' is set to 'Disabled' (Automated),In policy,Win - CDW Baseline - SC - CIS L1 - Microsoft Edge - D - User Experience - v1.0.0,device_vendor_msft_policy_config_microsoft_edgev117~policy~microsoft_edge_searchbarallowed,Enable the Search bar = Disabled,New,
1.105,Level 1,(L1) Ensure 'Enable tab organization suggestions' is set to 'Disabled' (Automated),In policy,Win - CDW Baseline - SC - CIS L1 - Microsoft Edge - D - User Experience - v1.0.0,device_vendor_msft_policy_config_microsoft_edgev113~policy~microsoft_edge_tabservicesenabled,Enable tab organization suggestions = Disabled,New,
1.106,Level 2,(L2) Ensure 'Enable Translate' is set to 'Disabled' (Automated),In policy,Win - CDW Baseline - SC - CIS L2 - Microsoft Edge - D - User Experience - v1.0.0,device_vendor_msft_policy_config_microsoft_edge~policy~microsoft_edge_translateenabled,Enable Translate = Disabled,New,
1.107,Level 1,(L1) Ensure 'Enable upload files from mobile in Microsoft Edge desktop' is set to 'Disabled' (Automated),In policy,Win - CDW Baseline - SC - CIS L1 - Microsoft Edge - D - User Experience - v1.0.0,device_vendor_msft_policy_config_microsoft_edgev117~policy~microsoft_edge_uploadfromphoneenabled,Enable upload files from mobile in Microsoft Edge desktop = Disabled,New,
1.108,Level 1,(L1) Ensure 'Enable use of ephemeral profiles' is set to 'Disabled' (Automated),In policy,"Win - CDW Baseline - SC - CIS L1 - Microsoft Edge - U - Profiles, Sign-In and Sync - v1.0.0",user_vendor_msft_policy_config_microsoft_edge~policy~microsoft_edge_forceephemeralprofiles,Enable use of ephemeral profiles (User) = Disabled,Unchanged,Scope follows v4.0.0 (user)
1.109,Level 1,(L1) Ensure 'Enable warnings for insecure forms' is set to 'Enabled' (Automated),In policy,Win - CDW Baseline - SC - CIS L1 - Microsoft Edge - D - Security - v1.0.0,device_vendor_msft_policy_config_microsoft_edgev86~policy~microsoft_edge_insecureformswarningsenabled,Enable warnings for insecure forms (deprecated) = Enabled,New,Catalog labels this setting deprecated; it is the only variant Intune exposes
1.110,Level 2,(L2) Ensure 'Enable QR Code Generator' is set to 'Disabled' (Automated),In policy,Win - CDW Baseline - SC - CIS L2 - Microsoft Edge - D - User Experience - v1.0.0,device_vendor_msft_policy_config_microsoft_edgev125~policy~microsoft_edge_qrcodegeneratorenabled,Enable QR Code Generator = Disabled,New,
1.111,Level 1,(L1) Ensure 'Enables DALL-E themes generation' is set to 'Disabled' (Automated),In policy,Win - CDW Baseline - SC - CIS L1 - Microsoft Edge - D - User Experience - v1.0.0,device_vendor_msft_policy_config_microsoft_edgev122~policy~microsoft_edge_aigenthemesenabled,Enables DALL-E themes generation = Disabled,New,
1.112,Level 2,(L2) Ensure 'Enforce Bing SafeSearch' is set to 'Enabled: Configure moderate search restrictions in Bing' (Automated),In policy,Win - CDW Baseline - SC - CIS L2 - Microsoft Edge - D - Security - v1.0.0,device_vendor_msft_policy_config_microsoft_edge~policy~microsoft_edge_forcebingsafesearch,Enforce Bing SafeSearch = Enabled [Enforce Bing SafeSearch (Device) = Configure moderate search restrictions in Bing],New,
1.113,Level 2,(L2) Ensure 'Enforce Google SafeSearch' is set to 'Enabled' (Automated),In policy,Win - CDW Baseline - SC - CIS L2 - Microsoft Edge - D - Security - v1.0.0,device_vendor_msft_policy_config_microsoft_edge~policy~microsoft_edge_forcegooglesafesearch,Enforce Google SafeSearch = Enabled,New,
1.114,Level 1,(L1) Ensure 'Enhance the security state in Microsoft Edge' is set to 'Enabled: Balanced mode' or higher (Automated),In policy,Win - CDW Baseline - SC - CIS L1 - Microsoft Edge - D - Security - v1.0.0,device_vendor_msft_policy_config_microsoft_edgev98~policy~microsoft_edge_enhancesecuritymode,Enhance the security state in Microsoft Edge = Enabled [Enhance the security state in Microsoft Edge (Device) = Balanced mode],Changed,CIS: Balanced or Strict — v4 value Balanced retained (Strict breaks some sites)
1.115,Level 2,(L2) Ensure 'Enhanced Security Mode configuration for Intranet zone sites' is set to 'Disabled' (Automated),In policy,Win - CDW Baseline - SC - CIS L2 - Microsoft Edge - D - Security - v1.0.0,device_vendor_msft_policy_config_microsoft_edgev107~policy~microsoft_edge_enhancesecuritymodebypassintranet,Enhanced Security Mode configuration for Intranet zone sites = Disabled,New,
1.116,Level 1,(L1) Ensure 'Hide the First-run experience and splash screen' is set to 'Enabled' (Automated),In policy,Win - CDW Baseline - SC - CIS L1 - Microsoft Edge - D - Security - v1.0.0,device_vendor_msft_policy_config_microsoft_edgev80diff~policy~microsoft_edge_hidefirstrunexperience,Hide the First-run experience and splash screen = Enabled,Unchanged,
1.117,Level 1,(L1) Ensure 'In-app support Enabled' is set to 'Disabled' (Automated),In policy,Win - CDW Baseline - SC - CIS L1 - Microsoft Edge - D - User Experience - v1.0.0,device_vendor_msft_policy_config_microsoft_edgev98~policy~microsoft_edge_inappsupportenabled,In-app support Enabled = Disabled,New,
1.118,Level 2,(L2) Ensure 'Live captions allowed' is set to 'Disabled' (Automated),In policy,Win - CDW Baseline - SC - CIS L2 - Microsoft Edge - D - User Experience - v1.0.0,device_vendor_msft_policy_config_microsoft_edgev103~policy~microsoft_edge_livecaptionsallowed,Live captions allowed = Disabled,New,
1.119,Level 1,(L1) Ensure 'Manage exposure of local IP addressess by WebRTC' is set to 'Disabled' (Automated),In policy,Win - CDW Baseline - SC - CIS L1 - Microsoft Edge - D - Security - v1.0.0,device_vendor_msft_policy_config_microsoft_edgev80diff~policy~microsoft_edge_webrtclocalipsallowedurls,Manage exposure of local IP addressess by WebRTC = Disabled,New,
1.120,Level 1,(L1) Ensure 'Notify a user that a browser restart is recommended or required for pending updates' is set to 'Enabled: Required - Show a recurring prompt to the user indicating that a restart is required' (Automated),In policy,Win - CDW Baseline - SC - CIS L1 - Microsoft Edge - D - Updates - v1.0.0,device_vendor_msft_policy_config_microsoft_edge~policy~microsoft_edge_relaunchnotification,Notify a user that a browser restart is recommended or required for pending updates = Enabled [Notify a user that a browser restart is recommended or required for pending updates (Device) = Required - Show a recurring prompt to the user indicating that a restart is required],Changed,
1.121,Level 1,"(L1) Ensure 'Set disk cache size, in bytes' is set to 'Enabled: 250609664' (Automated)",In policy,Win - CDW Baseline - SC - CIS L1 - Microsoft Edge - D - User Experience - v1.0.0,device_vendor_msft_policy_config_microsoft_edge~policy~microsoft_edge_diskcachesize,"Set disk cache size, in bytes = Enabled [Set disk cache size: (Device) = 250609664]",New,
1.122,Level 1,(L1) Ensure 'Set the time period for update notifications' is set to 'Enabled: 86400000' (Automated),In policy,Win - CDW Baseline - SC - CIS L1 - Microsoft Edge - D - Updates - v1.0.0,device_vendor_msft_policy_config_microsoft_edge~policy~microsoft_edge_relaunchnotificationperiod,Set the time period for update notifications = Enabled [Set the time period for update notifications: (Device) = 86400000],Changed,
1.123,Level 1,(L1) Ensure 'Shopping in Microsoft Edge Enabled' is set to 'Disabled' (Automated),In policy,Win - CDW Baseline - SC - CIS L1 - Microsoft Edge - U - User Experience - v1.0.0,user_vendor_msft_policy_config_microsoft_edgev87~policy~microsoft_edge_edgeshoppingassistantenabled,Shopping in Microsoft Edge Enabled (User) = Disabled,Unchanged,Scope follows v4.0.0 (user)
1.124,Level 2,"(L2) Ensure 'Show an ""Always open"" checkbox in external protocol dialog' is set to 'Disabled' (Automated)",In policy,Win - CDW Baseline - SC - CIS L2 - Microsoft Edge - D - User Experience - v1.0.0,device_vendor_msft_policy_config_microsoft_edgev79diff~policy~microsoft_edge_externalprotocoldialogshowalwaysopencheckbox,"Show an ""Always open"" checkbox in external protocol dialog = Disabled",New,
1.125,Level 1,(L1) Ensure 'Show Microsoft Rewards experiences' is set to 'Disabled' (Automated),In policy,Win - CDW Baseline - SC - CIS L1 - Microsoft Edge - U - User Experience - v1.0.0,user_vendor_msft_policy_config_microsoft_edgev88~policy~microsoft_edge_showmicrosoftrewards,Show Microsoft Rewards experiences (User) = Disabled,Unchanged,Scope follows v4.0.0 (user)
1.126,Level 1,(L1) Ensure 'Show the Reload in Internet Explorer mode button in the toolbar' is set to 'Disabled' (Automated),In policy,Win - CDW Baseline - SC - CIS L1 - Microsoft Edge - D - Security - v1.0.0,device_vendor_msft_policy_config_microsoft_edgev96~policy~microsoft_edge_internetexplorermodetoolbarbuttonenabled,Show the Reload in Internet Explorer mode button in the toolbar = Disabled,Unchanged,
1.127,Level 1,(L1) Ensure 'Specifies whether SharedArrayBuffers can be used in a non cross-origin-isolated context' is set to 'Disabled' (Automated),In policy,Win - CDW Baseline - SC - CIS L1 - Microsoft Edge - D - Security - v1.0.0,device_vendor_msft_policy_config_microsoft_edgev111~policy~microsoft_edge_sharedarraybufferunrestrictedaccessallowed,Specifies whether SharedArrayBuffers can be used in a non cross-origin-isolated context = Disabled,New,
1.128,Level 2,(L2) Ensure 'Specify if online OCSP/CRL checks are required for local trust anchors' is set to 'Enabled' (Automated),In policy,Win - CDW Baseline - SC - CIS L2 - Microsoft Edge - D - Security - v1.0.0,device_vendor_msft_policy_config_microsoft_edge~policy~microsoft_edge_requireonlinerevocationchecksforlocalanchors,Specify if online OCSP/CRL checks are required for local trust anchors = Enabled,New,
1.129,Level 2,(L2) Ensure 'Spell checking provided by Microsoft Editor' is set to 'Disabled' (Automated),In policy,Win - CDW Baseline - SC - CIS L2 - Microsoft Edge - D - User Experience - v1.0.0,device_vendor_msft_policy_config_microsoft_edgev105~policy~microsoft_edge_microsofteditorproofingenabled,Spell checking provided by Microsoft Editor = Disabled,New,
1.130,Level 1,(L1) Ensure 'Standalone Sidebar Enabled' is set to 'Disabled' (Automated),In policy,Win - CDW Baseline - SC - CIS L1 - Microsoft Edge - D - User Experience - v1.0.0,device_vendor_msft_policy_config_microsoft_edgev114~policy~microsoft_edge_standalonehubssidebarenabled,Standalone Sidebar Enabled = Disabled,New,
1.131,Level 1,(L1) Ensure 'Suggest similar pages when a webpage can’t be found' is set to 'Disabled' (Automated),In policy,Win - CDW Baseline - SC - CIS L1 - Microsoft Edge - D - User Experience - v1.0.0,device_vendor_msft_policy_config_microsoft_edgev80diff~policy~microsoft_edge_alternateerrorpagesenabled,Suggest similar pages when a webpage can’t be found = Disabled,New,
1.132,Level 1,(L1) Ensure 'Suppress the unsupported OS warning' is set to 'Disabled' (Automated),In policy,Win - CDW Baseline - SC - CIS L1 - Microsoft Edge - D - User Experience - v1.0.0,device_vendor_msft_policy_config_microsoft_edge~policy~microsoft_edge_suppressunsupportedoswarning,Suppress the unsupported OS warning = Disabled,New,
1.133,Level 2,(L2) Ensure 'Text prediction enabled by default' is set to 'Disabled' (Automated),In policy,Win - CDW Baseline - SC - CIS L2 - Microsoft Edge - D - User Experience - v1.0.0,device_vendor_msft_policy_config_microsoft_edgev104~policy~microsoft_edge_textpredictionenabled,Text prediction enabled by default = Disabled,New,
1.134,Level 1,(L1) Ensure 'Wait for Internet Explorer mode tabs to completely unload before ending the browser session' is set to 'Disabled' (Automated),In policy,Win - CDW Baseline - SC - CIS L1 - Microsoft Edge - D - User Experience - v1.0.0,device_vendor_msft_policy_config_microsoft_edgev105~policy~microsoft_edge_internetexplorerintegrationalwayswaitforunload,Wait for Internet Explorer mode tabs to completely unload before ending the browser session = Disabled,New,
1.135,Level 1,(L1) Ensure 'Wallet Donation Enabled' is set to 'Disabled' (Automated),In policy,Win - CDW Baseline - SC - CIS L1 - Microsoft Edge - D - Password Management - v1.0.0,device_vendor_msft_policy_config_microsoft_edgev115~policy~microsoft_edge_walletdonationenabled,Wallet Donation Enabled = Disabled,New,
3.1.1,Level 1,(L1) Ensure 'Update policy override default' is set to 'Enabled: Automatic silent updates only' or Higher (Automated),In policy,Win - CDW Baseline - SC - CIS L1 - Microsoft Edge - D - Updates - v1.0.0,device_vendor_msft_policy_config_update~policy~cat_google~cat_googleupdate~cat_applications_pol_defaultupdatepolicy,Update policy override default = Enabled [Policy (Device) = Always allow updates (recommended)],New,CIS: Always allow updates or Automatic silent updates only — Always allow chosen
3.3.1,Level 1,(L1) Ensure 'Auto-update check period override' is set to any value except '0' (Automated),In policy,Win - CDW Baseline - SC - CIS L1 - Microsoft Edge - D - Updates - v1.0.0,device_vendor_msft_policy_config_update~policy~cat_google~cat_googleupdate~cat_preferences_pol_autoupdatecheckperiod,Auto-update check period override = Enabled [Minutes between update checks (Device) = 240],Unchanged,CIS: any value except 0 — v4 value 240 minutes retained
—,Carried forward,Configure Edge Scareware Blocker Protection,Carried from v4.0.0,Win - CDW Baseline - SC - CIS L1 - Microsoft Edge - D - Security - v1.0.0,device_vendor_msft_policy_config_microsoft_edgev134~policy~microsoft_edge~scarewareblocker_scarewareblockerprotectionenabled,Configure Edge Scareware Blocker Protection = Enabled,Carried,No recommendation in this benchmark; retained from Win - CDW Baseline - SC - CIS L1 - Microsoft Edge - Security - v4.0.0
—,Carried forward,Enable renderer code integrity (deprecated),Carried from v4.0.0,Win - CDW Baseline - SC - CIS L1 - Microsoft Edge - D - Security - v1.0.0,device_vendor_msft_policy_config_microsoft_edgev78diff~policy~microsoft_edge_renderercodeintegrityenabled,Enable renderer code integrity (deprecated) = Enabled,Carried,No recommendation in this benchmark; retained from Win - CDW Baseline - SC - CIS L1 - Microsoft Edge - Security - v4.0.0
—,Carried forward,Windows Hello For HTTP Auth Enabled,Carried from v4.0.0,Win - CDW Baseline - SC - CIS L1 - Microsoft Edge - D - Security - v1.0.0,device_vendor_msft_policy_config_microsoft_edgev90~policy~microsoft_edge~httpauthentication_windowshelloforhttpauthenabled,Windows Hello For HTTP Auth Enabled = Enabled,Carried,No recommendation in this benchmark; retained from Win - CDW Baseline - SC - CIS L1 - Microsoft Edge - Security - v4.0.0
—,Carried forward,Microsoft Edge Insider Promotion Enabled,Carried from v4.0.0,Win - CDW Baseline - SC - CIS L1 - Microsoft Edge - D - Security - v1.0.0,device_vendor_msft_policy_config_microsoft_edgev98~policy~microsoft_edge_microsoftedgeinsiderpromotionenabled,Microsoft Edge Insider Promotion Enabled = Disabled,Carried,No recommendation in this benchmark; retained from Win - CDW Baseline - SC - CIS L1 - Microsoft Edge - Security - v4.0.0
—,Carried forward,Allow importing of browsing history,Carried from v4.0.0,Win - CDW Baseline - SC - CIS L1 - Microsoft Edge - D - Security - v1.0.0,device_vendor_msft_policy_config_microsoft_edge~policy~microsoft_edge_importhistory,Allow importing of browsing history = Disabled,Carried,No recommendation in this benchmark; retained from Win - CDW Baseline - SC - CIS L1 - Microsoft Edge - Security - v4.0.0
—,Carried forward,Allow user-level native messaging hosts (installed without admin permissions),Carried from v4.0.0,Win - CDW Baseline - SC - CIS L1 - Microsoft Edge - D - Security - v1.0.0,device_vendor_msft_policy_config_microsoft_edge~policy~microsoft_edge~nativemessaging_nativemessaginguserlevelhosts,Allow user-level native messaging hosts (installed without admin permissions) = Disabled,Carried,No recommendation in this benchmark; retained from Win - CDW Baseline - SC - CIS L1 - Microsoft Edge - Security - v4.0.0
—,Carried forward,Allow installation,Carried from v4.0.0,Win - CDW Baseline - SC - CIS L1 - Microsoft Edge - D - Updates - v1.0.0,device_vendor_msft_policy_config_updateupdates.1~policy~cat_edgeupdate~cat_applications~cat_microsoftedge_pol_allowinstallationmicrosoftedge,Allow installation = Enabled [Install Policy (Device) = Force Installs (Machine-Wide)],Carried,No recommendation in this benchmark; retained from Win - CDW Baseline - SC - CIS L1 - Microsoft Edge - Updates - v4.0.0
—,Carried forward,Prevent Desktop Shortcut creation upon install,Carried from v4.0.0,Win - CDW Baseline - SC - CIS L1 - Microsoft Edge - D - Updates - v1.0.0,device_vendor_msft_policy_config_updatev83diff~policy~cat_edgeupdate~cat_applications~cat_microsoftedge_pol_createdesktopshortcutmicrosoftedge,Prevent Desktop Shortcut creation upon install = Enabled,Carried,No recommendation in this benchmark; retained from Win - CDW Baseline - SC - CIS L1 - Microsoft Edge - Updates - v4.0.0
—,Carried forward,Allow installation,Carried from v4.0.0,Win - CDW Baseline - SC - CIS L1 - Microsoft Edge - D - Updates - v1.0.0,device_vendor_msft_policy_config_updatev87.updates.1~policy~cat_edgeupdate~cat_webview_pol_allowinstallationmicrosoftedgewebview,Allow installation = Enabled [Install Policy (Device) = Force Installs (Machine-Wide)],Carried,No recommendation in this benchmark; retained from Win - CDW Baseline - SC - CIS L1 - Microsoft Edge - Updates - v4.0.0
—,Carried forward,Allow installation,Carried from v4.0.0,Win - CDW Baseline - SC - CIS L1 - Microsoft Edge - D - Updates - v1.0.0,device_vendor_msft_policy_config_updatev87~policy~cat_edgeupdate~cat_webview_pol_allowinstallationmicrosoftedgewebview,Allow installation = Enabled,Carried,No recommendation in this benchmark; retained from Win - CDW Baseline - SC - CIS L1 - Microsoft Edge - Updates - v4.0.0
—,Carried forward,Update policy override,Carried from v4.0.0,Win - CDW Baseline - SC - CIS L1 - Microsoft Edge - D - Updates - v1.0.0,device_vendor_msft_policy_config_updatev87~policy~cat_edgeupdate~cat_webview_pol_updatepolicymicrosoftedgewebview,Update policy override = Enabled [Update Policy (Device) = Always allow updates (recommended)],Carried,No recommendation in this benchmark; retained from Win - CDW Baseline - SC - CIS L1 - Microsoft Edge - Updates - v4.0.0
—,Carried forward,Control updater's communication with the Experimentation and Configuration Service,Carried from v4.0.0,Win - CDW Baseline - SC - CIS L1 - Microsoft Edge - D - Updates - v1.0.0,device_vendor_msft_policy_config_updatev94~policy~cat_edgeupdate_pol_ecscontrol,Control updater's communication with the Experimentation and Configuration Service = Enabled [Control updater's communication with Experimentation and Configuration Service (Device) = Disable communication with the Experimentation and Configuration Service],Carried,No recommendation in this benchmark; retained from Win - CDW Baseline - SC - CIS L1 - Microsoft Edge - Updates - v4.0.0
—,Carried forward,Target Channel override,Carried from v4.0.0,Win - CDW Baseline - SC - CIS L1 - Microsoft Edge - D - Updates - v1.0.0,device_vendor_msft_policy_config_updatev95~policy~cat_edgeupdate~cat_applications~cat_microsoftedge_pol_targetchannelmicrosoftedge,Target Channel override = Enabled [Target Channel (Device) = Stable],Carried,No recommendation in this benchmark; retained from Win - CDW Baseline - SC - CIS L1 - Microsoft Edge - Updates - v4.0.0
—,Carried forward,Allow installation,Carried from v4.0.0,Win - CDW Baseline - SC - CIS L1 - Microsoft Edge - D - Updates - v1.0.0,device_vendor_msft_policy_config_update~policy~cat_google~cat_googleupdate~cat_applications~cat_microsoftedge_pol_allowinstallationmicrosoftedge,Allow installation = Enabled,Carried,No recommendation in this benchmark; retained from Win - CDW Baseline - SC - CIS L1 - Microsoft Edge - Updates - v4.0.0
—,Carried forward,Update policy override,Carried from v4.0.0,Win - CDW Baseline - SC - CIS L1 - Microsoft Edge - D - Updates - v1.0.0,device_vendor_msft_policy_config_update~policy~cat_google~cat_googleupdate~cat_applications~cat_microsoftedge_pol_updatepolicymicrosoftedge,Update policy override = Enabled [Policy (Device) = Always allow updates (recommended)],Carried,No recommendation in this benchmark; retained from Win - CDW Baseline - SC - CIS L1 - Microsoft Edge - Updates - v4.0.0
—,Carried forward,Enable Workspaces (User),Carried from v4.0.0,Win - CDW Baseline - SC - CIS L1 - Microsoft Edge - U - User Experience - v1.0.0,user_vendor_msft_policy_config_microsoft_edgev107~policy~microsoft_edge~edgeworkspaces_edgeworkspacesenabled,Enable Workspaces (User) = Enabled,Carried,No recommendation in this benchmark; retained from Win - CDW Baseline - SC - CIS L1 - Microsoft Edge - User Experience - v4.0.0
—,Carried forward,Microsoft Edge built-in PDF reader powered by Adobe Acrobat enabled (User),Carried from v4.0.0,Win - CDW Baseline - SC - CIS L1 - Microsoft Edge - U - User Experience - v1.0.0,user_vendor_msft_policy_config_microsoft_edgev111~policy~microsoft_edge_newpdfreaderenabled,Microsoft Edge built-in PDF reader powered by Adobe Acrobat enabled (User) = Enabled,Carried,No recommendation in this benchmark; retained from Win - CDW Baseline - SC - CIS L1 - Microsoft Edge - User Experience - v4.0.0
—,Carried forward,Shows button on native PDF viewer in Microsoft Edge that allows users to sign up for Adobe Acrobat subscription (User),Carried from v4.0.0,Win - CDW Baseline - SC - CIS L1 - Microsoft Edge - U - User Experience - v1.0.0,user_vendor_msft_policy_config_microsoft_edgev111~policy~microsoft_edge_showacrobatsubscriptionbutton,Shows button on native PDF viewer in Microsoft Edge that allows users to sign up for Adobe Acrobat subscription (User) = Disabled,Carried,No recommendation in this benchmark; retained from Win - CDW Baseline - SC - CIS L1 - Microsoft Edge - User Experience - v4.0.0
—,Carried forward,Configure whether a user always has a default profile automatically signed in with their work or school account (User),Carried from v4.0.0,"Win - CDW Baseline - SC - CIS L2 - Microsoft Edge - U - Profiles, Sign-In and Sync - v1.0.0",user_vendor_msft_policy_config_microsoft_edgev78diff~policy~microsoft_edge_nonremovableprofileenabled,Configure whether a user always has a default profile automatically signed in with their work or school account (User) = Enabled,Carried,No recommendation in this benchmark; retained from Win - CDW Baseline - SC - CIS L2 - Microsoft Edge - Profiles Sign-In and Sync - v4.0.0
—,Carried forward,Set new tab page quick links (User),Carried from v4.0.0,Win - CDW Baseline - SC - CIS L1 - Microsoft Edge - U - User Experience - v1.0.0,user_vendor_msft_policy_config_microsoft_edgev79diff~policy~microsoft_edge_recommended~startup_recommended_newtabpagemanagedquicklinks_recommended,Set new tab page quick links (User) = Disabled,Carried,No recommendation in this benchmark; retained from Win - CDW Baseline - SC - CIS L1 - Microsoft Edge - User Experience - v4.0.0
—,Carried forward,Allow users to be alerted if their passwords are found to be unsafe (User),Carried from v4.0.0,Win - CDW Baseline - SC - CIS L1 - Microsoft Edge - U - Password Management - v1.0.0,user_vendor_msft_policy_config_microsoft_edgev85diff~policy~microsoft_edge~passwordmanager_passwordmonitorallowed,Allow users to be alerted if their passwords are found to be unsafe (User) = Enabled,Carried,No recommendation in this benchmark; retained from Win - CDW Baseline - SC - CIS L1 - Microsoft Edge - Password Management - v4.0.0
—,Carried forward,Force synchronization of browser data and do not show the sync consent prompt (User),Carried from v4.0.0,"Win - CDW Baseline - SC - CIS L2 - Microsoft Edge - U - Profiles, Sign-In and Sync - v1.0.0",user_vendor_msft_policy_config_microsoft_edgev86~policy~microsoft_edge_forcesync,Force synchronization of browser data and do not show the sync consent prompt (User) = Enabled,Carried,No recommendation in this benchmark; retained from Win - CDW Baseline - SC - CIS L2 - Microsoft Edge - Profiles Sign-In and Sync - v4.0.0
—,Carried forward,Configure Sleeping Tabs (User),Carried from v4.0.0,Win - CDW Baseline - SC - CIS L1 - Microsoft Edge - U - User Experience - v1.0.0,user_vendor_msft_policy_config_microsoft_edgev88~policy~microsoft_edge_recommended~sleepingtabs_recommended_sleepingtabsenabled_recommended,Configure Sleeping Tabs (User) = Enabled,Carried,No recommendation in this benchmark; retained from Win - CDW Baseline - SC - CIS L1 - Microsoft Edge - User Experience - v4.0.0
—,Carried forward,Single sign-on for work or school sites using this profile enabled (User),Carried from v4.0.0,"Win - CDW Baseline - SC - CIS L2 - Microsoft Edge - U - Profiles, Sign-In and Sync - v1.0.0",user_vendor_msft_policy_config_microsoft_edgev92~policy~microsoft_edge_aadwebsitessousingthisprofileenabled,Single sign-on for work or school sites using this profile enabled (User) = Enabled,Carried,No recommendation in this benchmark; retained from Win - CDW Baseline - SC - CIS L2 - Microsoft Edge - Profiles Sign-In and Sync - v4.0.0
—,Carried forward,Configures a setting that asks users to enter their device password while using password autofill (User),Carried from v4.0.0,Win - CDW Baseline - SC - CIS L1 - Microsoft Edge - U - Password Management - v1.0.0,user_vendor_msft_policy_config_microsoft_edgev93.1~policy~microsoft_edge~passwordmanager_primarypasswordsetting,Configures a setting that asks users to enter their device password while using password autofill (User) = Enabled [Configures a setting that asks users to enter their device password while using password autofill (User) = With device password],Carried,No recommendation in this benchmark; retained from Win - CDW Baseline - SC - CIS L1 - Microsoft Edge - Password Management - v4.0.0
—,Carried forward,Enable implicit sign-in (User),Carried from v4.0.0,"Win - CDW Baseline - SC - CIS L2 - Microsoft Edge - U - Profiles, Sign-In and Sync - v1.0.0",user_vendor_msft_policy_config_microsoft_edgev93~policy~microsoft_edge~identity_implicitsigninenabled,Enable implicit sign-in (User) = Enabled,Carried,No recommendation in this benchmark; retained from Win - CDW Baseline - SC - CIS L2 - Microsoft Edge - Profiles Sign-In and Sync - v4.0.0
—,Carried forward,Allow users to get a strong password suggestion whenever they are creating an account online (User),Carried from v4.0.0,Win - CDW Baseline - SC - CIS L1 - Microsoft Edge - U - Password Management - v1.0.0,user_vendor_msft_policy_config_microsoft_edgev93~policy~microsoft_edge~passwordmanager_passwordgeneratorenabled,Allow users to get a strong password suggestion whenever they are creating an account online (User) = Enabled,Carried,No recommendation in this benchmark; retained from Win - CDW Baseline - SC - CIS L1 - Microsoft Edge - Password Management - v4.0.0
—,Carried forward,Allow users to access the games menu (User),Carried from v4.0.0,Win - CDW Baseline - SC - CIS L1 - Microsoft Edge - U - User Experience - v1.0.0,user_vendor_msft_policy_config_microsoft_edgev99~policy~microsoft_edge_allowgamesmenu,Allow users to access the games menu (User) = Disabled,Carried,No recommendation in this benchmark; retained from Win - CDW Baseline - SC - CIS L1 - Microsoft Edge - User Experience - v4.0.0
—,Carried forward,Action to take on Microsoft Edge startup (User),Carried from v4.0.0,Win - CDW Baseline - SC - CIS L1 - Microsoft Edge - U - User Experience - v1.0.0,user_vendor_msft_policy_config_microsoft_edge~policy~microsoft_edge_recommended~startup_recommended_restoreonstartup_recommended,Action to take on Microsoft Edge startup (User) = Enabled [Action to take on startup (User) = Restore the last session],Carried,No recommendation in this benchmark; retained from Win - CDW Baseline - SC - CIS L1 - Microsoft Edge - User Experience - v4.0.0
—,Carried forward,Show Home button on toolbar (User),Carried from v4.0.0,Win - CDW Baseline - SC - CIS L1 - Microsoft Edge - U - User Experience - v1.0.0,user_vendor_msft_policy_config_microsoft_edge~policy~microsoft_edge_recommended~startup_recommended_showhomebutton_recommended,Show Home button on toolbar (User) = Enabled,Carried,No recommendation in this benchmark; retained from Win - CDW Baseline - SC - CIS L1 - Microsoft Edge - User Experience - v4.0.0
—,Carried forward,Allow specific extensions to be installed (User),Carried from v4.0.0,Win - CDW Baseline - SC - CIS L1 - Microsoft Edge - U - Extensions - v1.0.0,user_vendor_msft_policy_config_microsoft_edge~policy~microsoft_edge~extensions_extensioninstallallowlist,Allow specific extensions to be installed (User) = Disabled,Carried,No recommendation in this benchmark; retained from Win - CDW Baseline - SC - CIS L1 - Microsoft Edge - Extensions - v4.0.0
—,Carried forward,Control which extensions cannot be installed (User),Carried from v4.0.0,Win - CDW Baseline - SC - CIS L1 - Microsoft Edge - U - Extensions - v1.0.0,user_vendor_msft_policy_config_microsoft_edge~policy~microsoft_edge~extensions_extensioninstallblocklist,Control which extensions cannot be installed (User) = Enabled [Extension IDs the user should be prevented from installing (or * for all) (User) = *],Carried,No recommendation in this benchmark; retained from Win - CDW Baseline - SC - CIS L1 - Microsoft Edge - Extensions - v4.0.0
—,Carried forward,Control which extensions are installed silently (User),Carried from v4.0.0,Win - CDW Baseline - SC - CIS L1 - Microsoft Edge - U - Extensions - v1.0.0,user_vendor_msft_policy_config_microsoft_edge~policy~microsoft_edge~extensions_extensioninstallforcelist,"Control which extensions are installed silently (User) = Enabled [Extension/App IDs and update URLs to be silently installed (User) = nkbndigcebkoaejohleckhekfmcecfja, ofefcgjbeghpigppfmkologfjadafddi]",Carried,No recommendation in this benchmark; retained from Win - CDW Baseline - SC - CIS L1 - Microsoft Edge - Extensions - v4.0.0
